-20.911,42.552,-12.231,1
-21.243,41.895,-12.125,1
-21.573,41.241,-12.02,1
-21.902,40.591,-11.918,1
-22.23,39.944,-11.817,1
-22.555,39.301,-11.718,1
-22.88,38.662,-11.62,1
-23.203,38.026,-11.525,1
-23.524,37.394,-11.43,1
-23.844,36.765,-11.338,1
-24.163,36.139,-11.247,1
-24.48,35.517,-11.158,1
-24.796,34.899,-11.071,1
-25.11,34.284,-10.985,1
-25.423,33.672,-10.901,1
-25.734,33.064,-10.818,1
-26.044,32.459,-10.737,1
-26.352,31.857,-10.658,1
-26.659,31.259,-10.58,1
-26.965,30.663,-10.504,1
-27.269,30.071,-10.429,1
-27.571,29.483,-10.356,1
-27.872,28.897,-10.285,1
-28.172,28.315,-10.215,1
-28.47,27.735,-10.146,1
-28.767,27.159,-10.079,1
-29.063,26.586,-10.014,1
-29.356,26.016,-9.9503,1
-29.649,25.449,-9.888,1
-29.94,24.885,-9.8272,1
-30.23,24.324,-9.768,1
-30.518,23.766,-9.7102,1
-30.805,23.211,-9.654,1
-31.09,22.659,-9.5992,1
-31.374,22.11,-9.5458,1
-31.656,21.564,-9.494,1
-31.937,21.02,-9.4436,1
-32.217,20.479,-9.3946,1
-32.495,19.941,-9.3471,1
-32.771,19.406,-9.301,1
-33.047,18.874,-9.2563,1
-33.32,18.344,-9.2131,1
-33.593,17.817,-9.1712,1
-33.864,17.293,-9.1308,1
-34.133,16.771,-9.0917,1
-34.401,16.252,-9.0541,1
-34.668,15.736,-9.0178,1
-34.933,15.222,-8.9828,1
-35.197,14.711,-8.9493,1
-35.459,14.202,-8.9171,1
-35.72,13.696,-8.8862,1
-35.98,13.192,-8.8567,1
-36.238,12.691,-8.8285,1
-36.495,12.192,-8.8016,1
-36.75,11.696,-8.7761,1
-37.004,11.202,-8.7518,1
-37.256,10.71,-8.7289,1
-37.507,10.221,-8.7072,1
-37.757,9.7335,-8.6868,1
-38.005,9.2488,-8.6677,1
-38.252,8.7663,-8.6499,1
-38.497,8.286,-8.6333,1
-38.741,7.808,-8.618,1
-38.984,7.3322,-8.6039,1
-39.225,6.8585,-8.5911,1
-39.464,6.387,-8.5794,1
-39.703,5.9176,-8.569,1
-39.939,5.4503,-8.5599,1
-40.175,4.985,-8.5519,1
-40.409,4.5218,-8.5451,1
-40.642,4.0607,-8.5395,1
-40.873,3.6015,-8.5351,1
-41.103,3.1443,-8.5319,1
-41.331,2.6891,-8.5298,1
-41.558,2.2358,-8.5289,1
-41.784,1.7844,-8.5291,1
-42.008,1.3348,-8.5305,1
-42.341,0.664,-8.5347,1
-42.672,-0.0027458,-8.5414,1
-42.999,-0.66547,-8.5506,1
-43.323,-1.3243,-8.5623,1
-43.644,-1.9792,-8.5765,1
-43.962,-2.6304,-8.593,1
-44.277,-3.2779,-8.612,1
-44.589,-3.9219,-8.6333,1
-44.897,-4.5622,-8.657,1
-45.202,-5.1992,-8.683,1
-45.505,-5.8328,-8.7113,1
-45.804,-6.4631,-8.7418,1
-46.1,-7.0903,-8.7746,1
-46.392,-7.7143,-8.8096,1
-46.682,-8.3353,-8.8468,1
-46.969,-8.9533,-8.8861,1
-47.252,-9.5685,-8.9276,1
-47.533,-10.181,-8.9711,1
-47.81,-10.791,-9.0168,1
-48.084,-11.398,-9.0645,1
-48.355,-12.002,-9.1142,1
-48.623,-12.604,-9.1659,1
-48.888,-13.204,-9.2196,1
-49.149,-13.801,-9.2753,1
-49.408,-14.397,-9.3328,1
-49.664,-14.99,-9.3923,1
-49.916,-15.581,-9.4536,1
-50.166,-16.17,-9.5168,1
-50.412,-16.757,-9.5818,1
-50.655,-17.342,-9.6485,1
-50.895,-17.926,-9.7171,1
-51.132,-18.508,-9.7873,1
-51.366,-19.088,-9.8593,1
-51.597,-19.667,-9.933,1
-51.825,-20.245,-10.008,1
-52.05,-20.821,-10.085,1
-52.271,-21.396,-10.164,1
-52.49,-21.97,-10.244,1
-52.706,-22.542,-10.326,1
-52.918,-23.114,-10.409,1
-53.128,-23.685,-10.494,1
-53.334,-24.255,-10.58,1
-53.537,-24.825,-10.667,1
-53.738,-25.393,-10.756,1
-53.935,-25.961,-10.847,1
-54.129,-26.529,-10.939,1
-54.321,-27.096,-11.032,1
-54.509,-27.663,-11.126,1
-54.694,-28.229,-11.222,1
-54.876,-28.796,-11.319,1
-55.055,-29.362,-11.417,1
-55.231,-29.928,-11.517,1
-55.404,-30.495,-11.618,1
-55.574,-31.061,-11.719,1
-55.741,-31.628,-11.822,1
-55.905,-32.195,-11.926,1
-56.066,-32.762,-12.031,1
-56.224,-33.33,-12.138,1
-56.379,-33.899,-12.245,1
-56.531,-34.468,-12.353,1
-56.68,-35.038,-12.462,1
-56.826,-35.608,-12.572,1
-56.969,-36.18,-12.683,1
-57.11,-36.752,-12.795,1
-57.247,-37.326,-12.908,1
-57.381,-37.901,-13.022,1
-57.512,-38.477,-13.136,1
-57.64,-39.054,-13.251,1
-57.765,-39.632,-13.367,1
-57.887,-40.213,-13.484,1
-58.006,-40.794,-13.601,1
-58.122,-41.377,-13.72,1
-58.236,-41.962,-13.838,1
-58.346,-42.549,-13.958,1
-58.453,-43.138,-14.078,1
-58.557,-43.728,-14.198,1
-58.659,-44.321,-14.319,1
-58.757,-44.915,-14.441,1
-58.853,-45.512,-14.563,1
-58.945,-46.111,-14.686,1
-59.035,-46.713,-14.809,1
-59.121,-47.317,-14.933,1
-59.205,-47.923,-15.056,1
-59.286,-48.532,-15.181,1
-59.364,-49.144,-15.305,1
-59.439,-49.758,-15.43,1
-59.511,-50.376,-15.555,1
-59.58,-50.996,-15.681,1
-59.646,-51.619,-15.806,1
-59.709,-52.246,-15.932,1
-59.769,-52.875,-16.058,1
-59.827,-53.508,-16.185,1
-59.881,-54.144,-16.311,1
-59.933,-54.784,-16.438,1
-59.981,-55.427,-16.564,1
-60.027,-56.073,-16.691,1
-60.07,-56.724,-16.817,1
-60.11,-57.378,-16.944,1
-60.147,-58.036,-17.07,1
-60.181,-58.697,-17.197,1
-60.212,-59.363,-17.323,1
-60.24,-60.033,-17.45,1
-60.266,-60.707,-17.576,1
-60.288,-61.385,-17.702,1
-60.308,-62.068,-17.828,1
-60.325,-62.755,-17.954,1
-60.339,-63.446,-18.079,1
-60.35,-64.142,-18.204,1
-60.358,-64.843,-18.329,1
-60.363,-65.548,-18.453,1
-60.366,-66.258,-18.578,1
-60.365,-66.973,-18.701,1
-60.362,-67.693,-18.825,1
-60.356,-68.418,-18.948,1
-60.347,-69.148,-19.07,1
-60.335,-69.884,-19.192,1
-60.326,-70.377,-19.274,1
-60.315,-70.872,-19.354,1
-60.303,-71.37,-19.435,1
-60.29,-71.871,-19.515,1
-60.275,-72.374,-19.596,1
-60.259,-72.879,-19.675,1
-60.242,-73.387,-19.755,1
-60.224,-73.897,-19.834,1
-60.204,-74.41,-19.913,1
-60.184,-74.925,-19.992,1
-60.161,-75.444,-20.071,1
-60.138,-75.964,-20.149,1
-60.114,-76.488,-20.226,1
-60.088,-77.013,-20.304,1
-60.061,-77.542,-20.381,1
-60.032,-78.074,-20.458,1
-60.002,-78.608,-20.534,1
-59.972,-79.145,-20.61,1
-59.939,-79.684,-20.686,1
-59.906,-80.227,-20.762,1
-59.871,-80.772,-20.836,1
-59.836,-81.32,-20.911,1
-59.798,-81.871,-20.985,1
-59.76,-82.425,-21.059,1
-59.72,-82.982,-21.132,1
-59.679,-83.542,-21.205,1
-59.637,-84.105,-21.278,1
-59.594,-84.671,-21.35,1
-59.549,-85.24,-21.422,1
-59.503,-85.812,-21.493,1
-59.456,-86.387,-21.564,1
-59.408,-86.965,-21.634,1
-59.358,-87.546,-21.704,1
-59.308,-88.131,-21.773,1
-59.256,-88.718,-21.842,1
-59.202,-89.309,-21.91,1
-59.148,-89.903,-21.978,1
-59.092,-90.5,-22.046,1
-59.035,-91.101,-22.112,1
-58.977,-91.705,-22.179,1
-58.917,-92.312,-22.244,1
-58.856,-92.922,-22.31,1
-58.794,-93.536,-22.374,1
-58.731,-94.153,-22.438,1
-58.667,-94.774,-22.502,1
-58.601,-95.398,-22.565,1
-58.534,-96.026,-22.627,1
-58.466,-96.657,-22.689,1
-58.397,-97.291,-22.75,1
-58.326,-97.929,-22.811,1
-58.254,-98.571,-22.871,1
-58.181,-99.216,-22.93,1
-58.107,-99.865,-22.989,1
-58.032,-100.52,-23.047,1
-57.955,-101.17,-23.104,1
-57.877,-101.83,-23.161,1
-57.798,-102.5,-23.217,1
-57.718,-103.16,-23.273,1
-57.636,-103.84,-23.327,1
-57.553,-104.51,-23.381,1
-57.469,-105.19,-23.435,1
-57.384,-105.87,-23.487,1
-57.297,-106.56,-23.539,1
-57.21,-107.25,-23.591,1
-57.121,-107.94,-23.641,1
-57.031,-108.64,-23.691,1
-56.939,-109.34,-23.74,1
-56.847,-110.05,-23.788,1
-56.753,-110.76,-23.836,1
-56.658,-111.47,-23.883,1
-56.562,-112.19,-23.929,1
-56.465,-112.91,-23.974,1
-56.366,-113.64,-24.019,1
-56.266,-114.37,-24.062,1
-56.165,-115.1,-24.105,1
-56.063,-115.84,-24.147,1
-55.959,-116.58,-24.189,1
-55.855,-117.33,-24.229,1
-55.749,-118.08,-24.269,1
-55.642,-118.84,-24.307,1
-55.534,-119.6,-24.345,1
-55.424,-120.36,-24.382,1
-55.314,-121.13,-24.418,1
-55.202,-121.9,-24.454,1
-55.089,-122.68,-24.488,1
-54.974,-123.46,-24.522,1
-54.859,-124.25,-24.554,1
-54.742,-125.04,-24.586,1
-54.624,-125.83,-24.617,1
-54.505,-126.63,-24.647,1
-54.385,-127.44,-24.676,1
-54.264,-128.25,-24.704,1
-54.141,-129.06,-24.731,1
-54.017,-129.88,-24.757,1
-53.892,-130.7,-24.782,1
-53.766,-131.53,-24.807,1
-53.639,-132.36,-24.83,1
-53.51,-133.19,-24.852,1
-53.38,-134.03,-24.874,1
-53.249,-134.88,-24.894,1
-53.117,-135.73,-24.913,1
-52.984,-136.59,-24.932,1
-52.849,-137.45,-24.949,1
-52.714,-138.31,-24.965,1
-52.577,-139.18,-24.98,1
-52.439,-140.06,-24.994,1
-52.299,-140.94,-25.008,1
-52.159,-141.82,-25.02,1
-52.017,-142.71,-25.031,1
-51.874,-143.6,-25.04,1
-51.73,-144.5,-25.049,1
-51.585,-145.41,-25.057,1
-51.439,-146.32,-25.064,1
-51.291,-147.23,-25.069,1
-51.143,-148.15,-25.074,1
-50.993,-149.08,-25.077,1
-50.842,-150.01,-25.079,1
-50.69,-150.94,-25.08,1
-50.536,-151.89,-25.08,1
-50.382,-152.83,-25.079,1
-50.226,-153.78,-25.076,1
-50.069,-154.74,-25.073,1
-49.911,-155.7,-25.068,1
-49.752,-156.67,-25.062,1
-49.591,-157.64,-25.055,1
-49.43,-158.62,-25.047,1
-49.267,-159.6,-25.037,1
-49.185,-160.09,-25.032,1
-49.103,-160.59,-25.026,1
-48.938,-161.58,-25.014,1
-48.855,-162.08,-25.008,1
-48.772,-162.58,-25.001,1
-48.688,-163.08,-24.994,1
-48.604,-163.59,-24.987,1
-48.52,-164.09,-24.979,1
-48.436,-164.6,-24.971,1
-48.351,-165.11,-24.963,1
-48.266,-165.61,-24.954,1
-48.18,-166.12,-24.945,1
-48.095,-166.64,-24.936,1
-48.009,-167.15,-24.926,1
-47.923,-167.66,-24.916,1
-47.836,-168.18,-24.906,1
-47.75,-168.7,-24.896,1
-47.663,-169.21,-24.885,1
-47.575,-169.73,-24.873,1
-47.488,-170.26,-24.862,1
-47.4,-170.78,-24.85,1
-47.311,-171.3,-24.838,1
-47.223,-171.83,-24.825,1
-47.134,-172.36,-24.813,1
-47.045,-172.88,-24.8,1
-46.956,-173.41,-24.786,1
-46.866,-173.94,-24.772,1
-46.776,-174.48,-24.758,1
-46.686,-175.01,-24.744,1
-46.595,-175.55,-24.729,1
-46.505,-176.08,-24.714,1
-46.413,-176.62,-24.698,1
-46.322,-177.16,-24.682,1
-46.23,-177.7,-24.666,1
-46.138,-178.25,-24.65,1
-46.046,-178.79,-24.633,1
-45.954,-179.34,-24.616,1
-45.861,-179.89,-24.598,1
-45.768,-180.43,-24.581,1
-45.674,-180.98,-24.562,1
-45.581,-181.54,-24.544,1
-45.487,-182.09,-24.525,1
-45.392,-182.64,-24.506,1
-45.298,-183.2,-24.486,1
-45.203,-183.76,-24.466,1
-45.108,-184.32,-24.446,1
-45.012,-184.88,-24.425,1
-44.917,-185.44,-24.404,1
-44.821,-186,-24.383,1
-44.724,-186.57,-24.362,1
-44.628,-187.14,-24.339,1
-44.531,-187.7,-24.317,1
-44.434,-188.27,-24.294,1
-44.337,-188.85,-24.271,1
-44.239,-189.42,-24.248,1
-44.141,-189.99,-24.224,1
-44.043,-190.57,-24.2,1
-43.944,-191.15,-24.175,1
-43.845,-191.73,-24.151,1
-43.746,-192.31,-24.125,1
-43.647,-192.89,-24.1,1
-43.547,-193.47,-24.074,1
-43.447,-194.06,-24.047,1
-43.347,-194.64,-24.021,1
-43.246,-195.23,-23.994,1
-43.145,-195.82,-23.966,1
-43.044,-196.41,-23.938,1
-42.943,-197.01,-23.91,1
-42.841,-197.6,-23.882,1
-42.739,-198.2,-23.853,1
-42.637,-198.79,-23.823,1
-42.534,-199.39,-23.794,1
-42.431,-199.99,-23.764,1
-42.328,-200.6,-23.733,1
-42.225,-201.2,-23.703,1
-42.121,-201.81,-23.671,1
-42.017,-202.41,-23.64,1
-41.913,-203.02,-23.608,1
-41.808,-203.63,-23.576,1
-41.703,-204.24,-23.543,1
-41.598,-204.86,-23.51,1
-41.493,-205.47,-23.476,1
-41.387,-206.09,-23.442,1
-41.281,-206.71,-23.408,1
-41.175,-207.33,-23.374,1
-41.069,-207.95,-23.339,1
-40.962,-208.57,-23.303,1
-40.855,-209.2,-23.267,1
-40.747,-209.82,-23.231,1
-40.64,-210.45,-23.195,1
-40.532,-211.08,-23.158,1
-40.423,-211.71,-23.12,1
-40.315,-212.34,-23.083,1
-40.206,-212.98,-23.045,1
-40.097,-213.62,-23.006,1
-39.988,-214.25,-22.967,1
-39.878,-214.89,-22.928,1
-39.768,-215.53,-22.888,1
-39.658,-216.18,-22.848,1
-39.547,-216.82,-22.807,1
-39.437,-217.47,-22.766,1
-39.326,-218.11,-22.725,1
-39.214,-218.76,-22.683,1
-39.103,-219.42,-22.641,1
-38.991,-220.07,-22.599,1
-38.879,-220.72,-22.556,1
-38.766,-221.38,-22.512,1
-38.653,-222.04,-22.468,1
-38.54,-222.7,-22.424,1
-38.427,-223.36,-22.38,1
-38.314,-224.02,-22.335,1
-38.2,-224.69,-22.289,1
-38.086,-225.35,-22.243,1
-37.971,-226.02,-22.197,1
-37.856,-226.69,-22.15,1
-37.741,-227.36,-22.103,1
-37.626,-228.03,-22.056,1
-37.511,-228.71,-22.008,1
-37.395,-229.38,-21.96,1
-37.279,-230.06,-21.911,1
-37.162,-230.74,-21.862,1
-37.046,-231.42,-21.812,1
-36.929,-232.11,-21.762,1
-36.812,-232.79,-21.712,1
-36.694,-233.48,-21.661,1
-36.576,-234.17,-21.609,1
-36.458,-234.86,-21.558,1
-36.34,-235.55,-21.505,1
-36.221,-236.25,-21.453,1
-36.102,-236.94,-21.4,1
-35.983,-237.64,-21.346,1
-35.864,-238.34,-21.292,1
-35.744,-239.04,-21.238,1
-35.624,-239.74,-21.183,1
-35.504,-240.45,-21.128,1
-35.383,-241.15,-21.072,1
-35.262,-241.86,-21.016,1
-35.141,-242.57,-20.96,1
-35.02,-243.28,-20.903,1
-34.898,-243.99,-20.846,1
-34.776,-244.71,-20.788,1
-34.654,-245.43,-20.729,1
-34.532,-246.14,-20.671,1
-34.409,-246.86,-20.612,1
-34.286,-247.59,-20.552,1
-34.162,-248.31,-20.492,1
-34.039,-249.04,-20.431,1
-33.915,-249.76,-20.37,1
-33.791,-250.49,-20.309,1
-33.666,-251.23,-20.247,1
-33.542,-251.96,-20.185,1
-33.417,-252.69,-20.122,1
-33.291,-253.43,-20.059,1
-33.166,-254.17,-19.995,1
-33.04,-254.91,-19.931,1
-32.914,-255.65,-19.867,1
-32.787,-256.39,-19.802,1
-32.661,-257.14,-19.736,1
-32.534,-257.89,-19.67,1
-32.407,-258.64,-19.604,1
-32.279,-259.39,-19.537,1
-32.151,-260.14,-19.47,1
-32.023,-260.9,-19.402,1
-31.895,-261.65,-19.334,1
-31.766,-262.41,-19.265,1
-31.638,-263.17,-19.196,1
-31.508,-263.94,-19.126,1
-31.379,-264.7,-19.056,1
-31.249,-265.47,-18.985,1
-31.119,-266.23,-18.914,1
-30.989,-267,-18.843,1
-30.859,-267.78,-18.771,1
-30.728,-268.55,-18.698,1
-30.597,-269.33,-18.625,1
-30.465,-270.1,-18.552,1
-30.334,-270.88,-18.478,1
-30.202,-271.66,-18.404,1
-30.07,-272.45,-18.329,1
-29.937,-273.23,-18.253,1
-29.805,-274.02,-18.178,1
-29.672,-274.81,-18.101,1
-29.538,-275.6,-18.025,1
-29.405,-276.39,-17.947,1
-29.271,-277.19,-17.87,1
-29.137,-277.98,-17.791,1
-29.003,-278.78,-17.713,1
-28.868,-279.58,-17.633,1
-28.733,-280.38,-17.554,1
-28.598,-281.19,-17.474,1
-28.463,-281.99,-17.393,1
-28.327,-282.8,-17.312,1
-28.191,-283.61,-17.23,1
-28.055,-284.42,-17.148,1
-27.918,-285.24,-17.065,1
-27.781,-286.05,-16.982,1
-27.644,-286.87,-16.899,1
-27.507,-287.69,-16.815,1
-27.369,-288.51,-16.73,1
-27.231,-289.33,-16.645,1
-27.093,-290.16,-16.559,1
-26.955,-290.99,-16.473,1
-26.816,-291.82,-16.387,1
-26.677,-292.65,-16.3,1
-26.538,-293.48,-16.212,1
-26.398,-294.32,-16.124,1
-26.259,-295.15,-16.035,1
-26.118,-295.99,-15.946,1
-25.978,-296.84,-15.856,1
-25.838,-297.68,-15.766,1
-25.697,-298.52,-15.676,1
-25.556,-299.37,-15.585,1
-25.414,-300.22,-15.493,1
-25.272,-301.07,-15.401,1
-25.13,-301.93,-15.308,1
-24.988,-302.78,-15.215,1
-24.846,-303.64,-15.121,1
-24.703,-304.5,-15.027,1
-24.56,-305.36,-14.932,1
-24.417,-306.22,-14.837,1
-24.273,-307.09,-14.741,1
-24.129,-307.96,-14.645,1
-23.985,-308.82,-14.548,1
-23.841,-309.7,-14.451,1
-23.696,-310.57,-14.353,1
-23.551,-311.44,-14.254,1
-23.406,-312.32,-14.155,1
-23.26,-313.2,-14.056,1
-23.115,-314.08,-13.956,1
-22.969,-314.97,-13.856,1
-22.822,-315.85,-13.754,1
-22.676,-316.74,-13.653,1
-22.529,-317.63,-13.551,1
-22.382,-318.52,-13.448,1
-22.235,-319.42,-13.345,1
-22.087,-320.31,-13.241,1
-21.939,-321.21,-13.137,1
-21.791,-322.11,-13.032,1
-21.643,-323.01,-12.927,1
-21.494,-323.92,-12.821,1
-21.345,-324.82,-12.715,1
-21.196,-325.73,-12.608,1
-21.046,-326.64,-12.501,2
-24.546,42.12,-12.502,2
-24.581,42.004,-11.748,2
-24.616,41.893,-10.997,2
-24.649,41.787,-10.248,2
-24.682,41.687,-9.5014,2
-24.713,41.592,-8.7568,2
-24.744,41.502,-8.0145,2
-24.774,41.417,-7.2744,2
-24.804,41.337,-6.5366,2
-24.832,41.262,-5.801,2
-24.86,41.192,-5.0677,2
-24.886,41.127,-4.3366,2
-24.912,41.067,-3.6078,2
-24.938,41.013,-2.8813,2
-24.962,40.963,-2.1571,2
-24.986,40.918,-1.4352,2
-25.009,40.878,-0.71555,2
-25.031,40.844,0.0017471,2
-25.052,40.814,0.71672,2
-25.073,40.789,1.4294,2
-25.093,40.769,2.1396,2
-25.112,40.753,2.8476,2
-25.13,40.743,3.5532,2
-25.148,40.737,4.2564,2
-25.165,40.736,4.9572,2
-25.181,40.741,5.6557,2
-25.197,40.749,6.3517,2
-25.211,40.763,7.0454,2
-25.226,40.781,7.7366,2
-25.239,40.804,8.4254,2
-25.252,40.832,9.1118,2
-25.264,40.865,9.7958,2
-25.275,40.902,10.477,2
-25.286,40.943,11.156,2
-25.296,40.99,11.833,2
-25.306,41.041,12.507,2
-25.315,41.097,13.179,2
-25.323,41.157,13.848,2
-25.33,41.222,14.515,2
-25.337,41.291,15.179,2
-25.344,41.365,15.84,2
-25.35,41.443,16.499,2
-25.355,41.526,17.156,2
-25.359,41.614,17.81,2
-25.363,41.706,18.461,2
-25.367,41.802,19.11,2
-25.369,41.903,19.757,2
-25.372,42.008,20.401,2
-25.373,42.118,21.042,2
-25.375,42.232,21.68,2
-25.375,42.35,22.316,2
-25.375,42.472,22.95,2
-25.375,42.599,23.581,2
-25.374,42.731,24.209,2
-25.372,42.866,24.834,2
-25.37,43.006,25.457,2
-25.368,43.15,26.077,2
-25.365,43.299,26.695,2
-25.361,43.451,27.31,2
-25.357,43.608,27.922,2
-25.353,43.769,28.532,2
-25.348,43.934,29.138,2
-25.342,44.103,29.743,2
-25.336,44.277,30.344,2
-25.33,44.454,30.943,2
-25.323,44.636,31.539,2
-25.316,44.822,32.132,2
-25.308,45.011,32.722,2
-25.3,45.205,33.31,2
-25.292,45.403,33.895,2
-25.283,45.605,34.477,2
-25.274,45.811,35.057,2
-25.264,46.02,35.633,2
-25.254,46.234,36.207,2
-25.243,46.452,36.778,2
-25.232,46.674,37.346,2
-25.221,46.899,37.912,2
-25.209,47.129,38.474,2
-25.197,47.362,39.034,2
-25.185,47.599,39.591,2
-25.172,47.84,40.145,2
-25.159,48.085,40.696,2
-25.146,48.333,41.244,2
-25.132,48.586,41.79,2
-25.118,48.842,42.332,2
-25.104,49.102,42.872,2
-25.09,49.365,43.408,2
-25.075,49.633,43.942,2
-25.059,49.904,44.473,2
-25.044,50.178,45.001,2
-25.028,50.457,45.526,2
-25.012,50.739,46.048,2
-24.996,51.024,46.567,2
-24.979,51.314,47.083,2
-24.962,51.606,47.596,2
-24.945,51.903,48.106,2
-24.928,52.203,48.613,2
-24.91,52.506,49.117,2
-24.893,52.813,49.618,2
-24.875,53.124,50.117,2
-24.856,53.438,50.612,2
-24.838,53.755,51.104,2
-24.819,54.076,51.593,2
-24.801,54.4,52.078,2
-24.782,54.728,52.561,2
-24.762,55.059,53.041,2
-24.743,55.394,53.518,2
-24.724,55.731,53.991,2
-24.704,56.073,54.462,2
-24.684,56.417,54.929,2
-24.664,56.765,55.393,2
-24.644,57.116,55.855,2
-24.624,57.471,56.313,2
-24.603,57.828,56.767,2
-24.583,58.189,57.219,2
-24.562,58.553,57.668,2
-24.542,58.921,58.113,2
-24.521,59.291,58.555,2
-24.5,59.665,58.994,2
-24.479,60.042,59.43,2
-24.458,60.422,59.863,2
-24.437,60.805,60.292,2
-24.415,61.191,60.718,2
-24.394,61.58,61.141,2
-24.373,61.972,61.561,2
-24.351,62.368,61.978,2
-24.33,62.766,62.391,2
-24.309,63.167,62.801,2
-24.287,63.572,63.207,2
-24.266,63.979,63.611,2
-24.244,64.39,64.011,2
-24.223,64.803,64.408,2
-24.201,65.219,64.801,2
-24.179,65.638,65.192,2
-24.158,66.06,65.578,2
-24.136,66.485,65.962,2
-24.115,66.913,66.342,2
-24.094,67.343,66.719,2
-24.072,67.776,67.093,2
-24.051,68.213,67.463,2
-24.03,68.651,67.83,2
-24.008,69.093,68.193,2
-23.987,69.538,68.553,2
-23.966,69.985,68.91,2
-23.945,70.435,69.263,2
-23.924,70.887,69.613,2
-23.903,71.342,69.959,2
-23.883,71.8,70.302,2
-23.862,72.261,70.641,2
-23.841,72.724,70.977,2
-23.821,73.19,71.31,2
-23.801,73.658,71.639,2
-23.781,74.129,71.965,2
-23.761,74.603,72.287,2
-23.741,75.079,72.606,2
-23.721,75.557,72.921,2
-23.702,76.038,73.232,2
-23.682,76.522,73.541,2
-23.663,77.008,73.845,2
-23.644,77.496,74.146,2
-23.625,77.987,74.444,2
-23.606,78.48,74.738,2
-23.588,78.976,75.028,2
-23.57,79.474,75.315,2
-23.552,79.974,75.598,2
-23.534,80.477,75.878,2
-23.516,80.982,76.154,2
-23.499,81.49,76.426,2
-23.482,81.999,76.695,2
-23.465,82.511,76.96,2
-23.448,83.025,77.222,2
-23.432,83.542,77.48,2
-23.416,84.06,77.734,2
-23.4,84.581,77.985,2
-23.384,85.104,78.232,2
-23.369,85.63,78.475,2
-23.354,86.157,78.715,2
-23.34,86.686,78.95,2
-23.325,87.218,79.183,2
-23.311,87.752,79.411,2
-23.297,88.288,79.636,2
-23.284,88.825,79.857,2
-23.271,89.365,80.074,2
-23.258,89.907,80.288,2
-23.246,90.451,80.498,2
-23.234,90.997,80.704,2
-23.222,91.545,80.906,2
-23.211,92.095,81.105,2
-23.2,92.647,81.299,2
-23.189,93.2,81.49,2
-23.179,93.756,81.678,2
-23.169,94.313,81.861,2
-23.16,94.873,82.04,2
-23.151,95.434,82.216,2
-23.142,95.997,82.388,2
-23.134,96.562,82.556,2
-23.126,97.129,82.72,2
-23.119,97.697,82.88,2
-23.112,98.267,83.037,2
-23.106,98.839,83.189,2
-23.1,99.413,83.338,2
-23.094,99.988,83.483,2
-23.089,100.57,83.624,2
-23.085,101.14,83.76,2
-23.081,101.72,83.893,2
-23.077,102.31,84.023,2
-23.074,102.89,84.148,2
-23.071,103.48,84.269,2
-23.069,104.06,84.386,2
-23.068,104.65,84.499,2
-23.066,105.24,84.609,2
-23.066,105.83,84.714,2
-23.066,106.43,84.815,2
-23.066,107.02,84.912,2
-23.067,107.62,85.006,2
-23.069,108.21,85.095,2
-23.071,108.81,85.18,2
-23.074,109.41,85.261,2
-23.077,110.02,85.339,2
-23.081,110.62,85.412,2
-23.085,111.22,85.481,2
-23.091,111.83,85.546,2
-23.096,112.44,85.607,2
-23.102,113.04,85.664,2
-23.109,113.65,85.716,2
-23.117,114.27,85.765,2
-23.125,114.88,85.809,2
-23.134,115.49,85.85,2
-23.143,116.11,85.886,2
-23.153,116.72,85.918,2
-23.164,117.34,85.946,2
-23.175,117.96,85.97,2
-23.187,118.58,85.99,2
-23.2,119.2,86.005,2
-23.213,119.82,86.016,2
-23.227,120.44,86.023,2
-23.242,121.07,86.026,2
-23.257,121.69,86.025,2
-23.273,122.32,86.02,2
-23.29,122.95,86.01,2
-23.308,123.58,85.996,2
-23.326,124.21,85.978,2
-23.345,124.84,85.955,2
-23.365,125.47,85.928,2
-23.385,126.1,85.897,2
-23.406,126.73,85.862,2
-23.428,127.37,85.823,2
-23.451,128,85.779,2
-23.474,128.64,85.731,2
-23.499,129.28,85.678,2
-23.524,129.91,85.621,2
-23.55,130.55,85.56,2
-23.576,131.19,85.495,2
-23.604,131.83,85.425,2
-23.632,132.47,85.351,2
-23.661,133.11,85.272,2
-23.691,133.76,85.19,2
-23.722,134.4,85.102,2
-23.753,135.04,85.011,2
-23.786,135.69,84.915,2
-23.819,136.33,84.814,2
-23.853,136.98,84.709,2
-23.888,137.63,84.6,2
-23.924,138.27,84.486,2
-23.961,138.92,84.368,2
-23.999,139.57,84.246,2
-24.037,140.22,84.119,2
-24.077,140.87,83.987,2
-24.117,141.52,83.851,2
-24.158,142.17,83.711,2
-24.2,142.82,83.566,2
-24.243,143.47,83.416,2
-24.287,144.12,83.262,2
-24.332,144.78,83.104,2
-24.378,145.43,82.941,2
-24.425,146.08,82.773,2
-24.473,146.74,82.601,2
-24.521,147.39,82.425,2
-24.571,148.05,82.243,2
-24.622,148.7,82.058,2
-24.674,149.36,81.867,2
-24.726,150.01,81.672,2
-24.78,150.67,81.473,2
-24.835,151.32,81.269,2
-24.89,151.98,81.06,2
-24.947,152.64,80.847,2
-25.005,153.29,80.629,2
-25.063,153.95,80.406,2
-25.123,154.61,80.179,2
-25.184,155.26,79.947,2
-25.246,155.92,79.71,2
-25.309,156.58,79.469,2
-25.373,157.24,79.223,2
-25.438,157.89,78.973,2
-25.504,158.55,78.717,2
-25.571,159.21,78.457,2
-25.64,159.87,78.193,2
-25.709,160.53,77.923,2
-25.78,161.18,77.649,2
-25.851,161.84,77.37,2
-25.924,162.5,77.086,2
-25.998,163.16,76.798,2
-26.073,163.81,76.505,2
-26.149,164.47,76.207,2
-26.226,165.13,75.904,2
-26.305,165.79,75.597,2
-26.384,166.45,75.284,2
-26.465,167.1,74.967,2
-26.547,167.76,74.645,2
-26.63,168.42,74.318,2
-26.714,169.07,73.987,2
-26.8,169.73,73.65,2
-26.886,170.39,73.309,2
-26.974,171.04,72.963,2
-27.063,171.7,72.612,2
-27.154,172.35,72.256,2
-27.245,173.01,71.895,2
-27.338,173.66,71.529,2
-27.432,174.32,71.159,2
-27.527,174.97,70.783,2
-27.623,175.63,70.403,2
-27.721,176.28,70.017,2
-27.82,176.93,69.627,2
-27.92,177.58,69.232,2
-28.022,178.24,68.832,2
-28.125,178.89,68.426,2
-28.229,179.54,68.016,2
-28.334,180.19,67.601,2
-28.441,180.84,67.181,2
-28.549,181.49,66.756,2
-28.658,182.14,66.326,2
-28.769,182.79,65.891,2
-28.881,183.43,65.451,2
-28.994,184.08,65.005,2
-29.109,184.73,64.555,2
-29.225,185.37,64.1,2
-29.342,186.02,63.64,2
-29.461,186.66,63.174,2
-29.581,187.31,62.704,2
-29.702,187.95,62.228,2
-29.825,188.59,61.748,2
-29.949,189.24,61.262,2
-30.075,189.88,60.771,2
-30.202,190.52,60.275,2
-30.331,191.16,59.774,2
-30.46,191.8,59.268,2
-30.592,192.43,58.756,2
-30.724,193.07,58.24,2
-30.859,193.71,57.718,2
-30.994,194.34,57.191,2
-31.131,194.98,56.659,2
-31.27,195.61,56.122,2
-31.41,196.24,55.58,2
-31.551,196.87,55.032,2
-31.694,197.5,54.479,2
-31.838,198.13,53.921,2
-31.984,198.76,53.358,2
-32.131,199.39,52.789,2
-32.28,200.01,52.215,2
-32.431,200.64,51.636,2
-32.583,201.26,51.052,2
-32.736,201.89,50.463,2
-32.891,202.51,49.868,2
-33.047,203.13,49.268,2
-33.205,203.75,48.662,2
-33.365,204.37,48.051,2
-33.526,204.99,47.435,2
-33.689,205.6,46.814,2
-33.853,206.22,46.187,2
-34.019,206.83,45.555,2
-34.186,207.44,44.918,2
-34.355,208.06,44.275,2
-34.526,208.67,43.627,2
-34.698,209.27,42.973,2
-34.872,209.88,42.315,2
-35.047,210.49,41.65,2
-35.224,211.09,40.981,2
-35.403,211.7,40.306,2
-35.583,212.3,39.625,2
-35.765,212.9,38.939,2
-35.949,213.5,38.248,2
-36.134,214.09,37.551,2
-36.321,214.69,36.849,2
-36.509,215.28,36.141,2
-36.699,215.88,35.428,2
-36.891,216.47,34.709,2
-37.085,217.06,33.985,2
-37.28,217.65,33.255,2
-37.477,218.23,32.52,2
-37.676,218.82,31.779,2
-37.876,219.4,31.033,2
-38.079,219.99,30.282,2
-38.282,220.57,29.524,2
-38.488,221.15,28.761,2
-38.695,221.72,27.993,2
-38.904,222.3,27.219,2
-39.115,222.87,26.44,2
-39.328,223.44,25.655,2
-39.542,224.01,24.864,2
-39.758,224.58,24.068,2
-39.867,224.87,23.667,2
-39.976,225.15,23.266,2
-40.086,225.43,22.863,2
-40.196,225.71,22.458,2
-40.307,226,22.052,2
-40.418,226.28,21.645,2
-40.529,226.56,21.236,2
-40.641,226.84,20.826,2
-40.753,227.12,20.415,2
-40.866,227.4,20.002,2
-40.979,227.68,19.588,2
-41.093,227.96,19.172,2
-41.207,228.23,18.755,2
-41.322,228.51,18.336,2
-41.437,228.79,17.916,2
-41.552,229.07,17.495,2
-41.668,229.34,17.072,2
-41.785,229.62,16.648,2
-41.902,229.89,16.222,2
-42.019,230.17,15.795,2
-42.137,230.44,15.366,2
-42.255,230.71,14.937,2
-42.374,230.99,14.505,2
-42.493,231.26,14.072,2
-42.613,231.53,13.638,2
-42.733,231.8,13.203,2
-42.853,232.08,12.766,2
-42.975,232.35,12.327,2
-43.096,232.62,11.887,2
-43.218,232.89,11.446,2
-43.341,233.16,11.003,2
-43.464,233.42,10.559,2
-43.587,233.69,10.113,2
-43.711,233.96,9.6659,2
-43.835,234.23,9.2174,2
-43.96,234.49,8.7674,2
-44.085,234.76,8.316,2
-44.211,235.03,7.8631,2
-44.338,235.29,7.4088,2
-44.464,235.56,6.9531,2
-44.592,235.82,6.4959,2
-44.719,236.08,6.0372,2
-44.847,236.35,5.5771,2
-44.976,236.61,5.1156,2
-45.105,236.87,4.6526,2
-45.235,237.13,4.1882,2
-45.365,237.39,3.7223,2
-45.496,237.65,3.255,2
-45.627,237.91,2.7862,2
-45.758,238.17,2.3159,2
-45.89,238.43,1.8442,2
-46.023,238.69,1.3711,2
-46.156,238.94,0.89645,2
-46.289,239.2,0.42038,2
-46.424,239.46,-0.057168,2
-46.558,239.71,-0.53616,2
-46.693,239.97,-1.0166,2
-46.829,240.22,-1.4985,2
-46.964,240.48,-1.9819,2
-47.101,240.73,-2.4668,2
-47.238,240.98,-2.9531,2
-47.375,241.24,-3.4409,2
-47.513,241.49,-3.9301,2
-47.652,241.74,-4.4209,2
-47.791,241.99,-4.913,2
-47.93,242.24,-5.4067,2
-48.07,242.49,-5.9018,2
-48.211,242.74,-6.3985,2
-48.352,242.99,-6.8965,2
-48.493,243.23,-7.3961,2
-48.635,243.48,-7.8971,2
-48.778,243.73,-8.3997,2
-48.921,243.97,-8.9037,2
-49.064,244.22,-9.4091,2
-49.208,244.46,-9.9161,2
-49.353,244.71,-10.425,2
-49.498,244.95,-10.934,2
-49.643,245.19,-11.446,2
-49.789,245.43,-11.959,2
-49.936,245.68,-12.473,2
-50.083,245.92,-12.989,2
-50.23,246.16,-13.506,2
-50.378,246.4,-14.025,2
-50.527,246.64,-14.546,2
-50.676,246.87,-15.067,2
-50.826,247.11,-15.591,2
-50.976,247.35,-16.116,2
-51.127,247.58,-16.642,2
-51.278,247.82,-17.17,2
-51.429,248.06,-17.699,2
-51.582,248.29,-18.23,2
-51.734,248.52,-18.762,2
-51.888,248.76,-19.296,2
-52.041,248.99,-19.831,2
-52.196,249.22,-20.368,2
-52.351,249.45,-20.906,2
-52.506,249.68,-21.446,2
-52.662,249.91,-21.987,2
-52.818,250.14,-22.53,2
-52.975,250.37,-23.075,2
-53.133,250.6,-23.62,2
-53.291,250.83,-24.168,2
-53.449,251.05,-24.717,2
-53.608,251.28,-25.267,2
-53.768,251.51,-25.819,2
-53.928,251.73,-26.372,2
-54.088,251.95,-26.927,2
-54.25,252.18,-27.484,2
-54.411,252.4,-28.042,2
-54.574,252.62,-28.601,2
-54.736,252.84,-29.162,2
-54.9,253.06,-29.725,2
-55.064,253.28,-30.289,2
-55.228,253.5,-30.854,2
-55.393,253.72,-31.421,2
-55.558,253.94,-31.99,2
-55.725,254.16,-32.56,2
-55.891,254.37,-33.132,2
-56.058,254.59,-33.705,2
-56.226,254.8,-34.28,2
-56.394,255.02,-34.856,2
-56.563,255.23,-35.434,2
-56.732,255.44,-36.013,2
-56.902,255.66,-36.594,2
-57.072,255.87,-37.176,2
-57.243,256.08,-37.76,2
-57.415,256.29,-38.346,2
-57.587,256.5,-38.933,2
-57.759,256.71,-39.521,2
-57.933,256.91,-40.111,2
-58.106,257.12,-40.703,2
-58.281,257.33,-41.296,2
-58.455,257.53,-41.891,2
-58.631,257.74,-42.487,2
-58.807,257.94,-43.085,2
-58.983,258.14,-43.684,2
-59.16,258.35,-44.285,2
-59.338,258.55,-44.888,2
-59.516,258.75,-45.492,2
-59.695,258.95,-46.097,2
-59.874,259.15,-46.704,2
-60.054,259.35,-47.313,2
-60.234,259.55,-47.923,2
-60.415,259.74,-48.535,2
-60.597,259.94,-49.148,2
-60.779,260.14,-49.763,2
-60.961,260.33,-50.38,2
-61.145,260.53,-50.998,2
-61.328,260.72,-51.617,2
-61.513,260.91,-52.238,2
-61.698,261.1,-52.861,2
-61.883,261.3,-53.485,2
-62.069,261.49,-54.111,2
-62.256,261.68,-54.738,2
-62.443,261.86,-55.367,2
-62.631,262.05,-55.998,2
-62.819,262.24,-56.63,2
-63.008,262.43,-57.264,2
-63.198,262.61,-57.899,2
-63.388,262.8,-58.536,2
-63.579,262.98,-59.174,2
-63.77,263.16,-59.814,2
-63.962,263.35,-60.455,2
-64.154,263.53,-61.099,2
-64.347,263.71,-61.743,2
-64.541,263.89,-62.389,2
-64.735,264.07,-63.037,2
-64.93,264.25,-63.687,2
-65.125,264.42,-64.338,2
-65.321,264.6,-64.99,2
-65.517,264.78,-65.644,2
-65.715,264.95,-66.3,2
-65.912,265.13,-66.958,2
-66.11,265.3,-67.616,2
-66.309,265.47,-68.277,2
-66.509,265.65,-68.939,2
-66.709,265.82,-69.603,2
-66.91,265.99,-70.268,2
-67.111,266.16,-70.935,2
-67.313,266.32,-71.603,2
-67.515,266.49,-72.273,2
-67.718,266.66,-72.945,2
-67.922,266.83,-73.618,2
-68.126,266.99,-74.293,2
-68.331,267.15,-74.97,2
-68.536,267.32,-75.648,2
-68.742,267.48,-76.327,2
-68.949,267.64,-77.009,2
-69.156,267.8,-77.692,2
-69.364,267.96,-78.376,2
-69.572,268.12,-79.062,2
-69.781,268.28,-79.75,2
-69.991,268.44,-80.439,2
-70.201,268.6,-81.13,2
-70.412,268.75,-81.823,2
-70.623,268.91,-82.517,2
-70.835,269.06,-83.212,2
-71.048,269.21,-83.91,2
-71.261,269.37,-84.609,3
-280.44,1.5042,3.0697,3
-279.61,1.5653,2.8756,3
-278.79,1.6267,2.6824,3
-277.97,1.6885,2.4902,3
-277.14,1.7506,2.299,3
-276.33,1.8131,2.1087,3
-275.51,1.8759,1.9193,3
-274.69,1.9391,1.7309,3
-273.88,2.0026,1.5434,3
-273.06,2.0664,1.3569,3
-272.25,2.1306,1.1713,3
-271.44,2.1951,0.98665,3
-270.63,2.26,0.80293,3
-269.82,2.3252,0.62015,3
-269.02,2.3907,0.43831,3
-268.21,2.4565,0.25739,3
-267.41,2.5227,0.077411,3
-266.61,2.5892,-0.10164,3
-265.81,2.656,-0.27976,3
-265.01,2.7231,-0.45696,3
-264.21,2.7906,-0.63323,3
-263.42,2.8584,-0.80858,3
-262.63,2.9265,-0.98301,3
-261.83,2.9949,-1.1565,3
-261.04,3.0637,-1.3291,3
-260.25,3.1327,-1.5008,3
-259.47,3.2021,-1.6715,3
-258.68,3.2718,-1.8414,3
-257.89,3.3418,-2.0103,3
-257.11,3.4121,-2.1783,3
-256.33,3.4828,-2.3454,3
-255.55,3.5537,-2.5116,3
-254.77,3.6249,-2.6769,3
-253.99,3.6965,-2.8413,3
-253.21,3.7683,-3.0048,3
-252.44,3.8405,-3.1674,3
-251.67,3.9129,-3.329,3
-250.89,3.9857,-3.4898,3
-250.12,4.0588,-3.6497,3
-249.35,4.1321,-3.8087,3
-248.59,4.2058,-3.9668,3
-247.82,4.2797,-4.124,3
-247.05,4.354,-4.2803,3
-246.29,4.4285,-4.4357,3
-245.53,4.5033,-4.5903,3
-244.77,4.5784,-4.7439,3
-244.01,4.6538,-4.8967,3
-243.25,4.7295,-5.0485,3
-242.49,4.8055,-5.1995,3
-241.74,4.8818,-5.3496,3
-240.99,4.9583,-5.4989,3
-240.23,5.0352,-5.6472,3
-239.48,5.1123,-5.7947,3
-238.73,5.1896,-5.9413,3
-237.98,5.2673,-6.0871,3
-237.24,5.3453,-6.2319,3
-236.49,5.4235,-6.3759,3
-235.75,5.502,-6.519,3
-235,5.5807,-6.6613,3
-234.26,5.6598,-6.8027,3
-233.52,5.7391,-6.9432,3
-232.78,5.8187,-7.0829,3
-232.05,5.8985,-7.2217,3
-231.31,5.9786,-7.3597,3
-230.58,6.059,-7.4967,3
-229.84,6.1396,-7.633,3
-229.11,6.2205,-7.7684,3
-228.38,6.3017,-7.9029,3
-227.65,6.3831,-8.0366,3
-226.92,6.4648,-8.1694,3
-226.2,6.5467,-8.3014,3
-225.47,6.6289,-8.4325,3
-224.75,6.7114,-8.5628,3
-224.02,6.7941,-8.6922,3
-223.3,6.877,-8.8208,3
-222.58,6.9602,-8.9486,3
-221.86,7.0437,-9.0755,3
-221.15,7.1274,-9.2016,3
-220.43,7.2113,-9.3268,3
-219.71,7.2955,-9.4513,3
-219,7.3799,-9.5748,3
-218.29,7.4646,-9.6976,3
-217.58,7.5495,-9.8195,3
-216.87,7.6347,-9.9406,3
-216.16,7.7201,-10.061,3
-215.45,7.8057,-10.18,3
-214.75,7.8916,-10.299,3
-214.04,7.9777,-10.417,3
-213.34,8.064,-10.534,3
-212.63,8.1506,-10.65,3
-211.93,8.2374,-10.765,3
-211.23,8.3244,-10.88,3
-210.53,8.4117,-10.993,3
-209.84,8.4992,-11.106,3
-209.14,8.5869,-11.218,3
-208.45,8.6748,-11.33,3
-207.75,8.763,-11.44,3
-207.06,8.8513,-11.55,3
-206.37,8.9399,-11.659,3
-205.68,9.0287,-11.767,3
-204.99,9.1178,-11.874,3
-204.3,9.207,-11.98,3
-203.62,9.2965,-12.086,3
-202.93,9.3861,-12.191,3
-202.25,9.476,-12.295,3
-201.56,9.5661,-12.398,3
-200.88,9.6564,-12.501,3
-200.2,9.7469,-12.602,3
-199.52,9.8377,-12.703,3
-198.85,9.9286,-12.803,3
-198.17,10.02,-12.903,3
-197.49,10.111,-13.001,3
-196.82,10.203,-13.099,3
-196.15,10.294,-13.196,3
-195.47,10.386,-13.292,3
-194.8,10.478,-13.387,3
-194.13,10.571,-13.482,3
-193.46,10.663,-13.576,3
-192.8,10.756,-13.669,3
-192.13,10.849,-13.761,3
-191.47,10.942,-13.853,3
-190.8,11.035,-13.943,3
-190.14,11.129,-14.033,3
-189.48,11.222,-14.123,3
-188.82,11.316,-14.211,3
-188.16,11.41,-14.299,3
-187.5,11.504,-14.386,3
-186.84,11.599,-14.472,3
-186.19,11.693,-14.557,3
-185.53,11.788,-14.642,3
-184.88,11.883,-14.726,3
-184.22,11.978,-14.809,3
-183.57,12.073,-14.891,3
-182.92,12.169,-14.973,3
-182.27,12.265,-15.054,3
-181.62,12.36,-15.134,3
-180.98,12.456,-15.213,3
-180.33,12.552,-15.292,3
-179.69,12.649,-15.37,3
-179.04,12.745,-15.447,3
-178.4,12.842,-15.524,3
-177.76,12.939,-15.599,3
-177.12,13.036,-15.674,3
-176.48,13.133,-15.748,3
-175.84,13.23,-15.822,3
-175.2,13.327,-15.895,3
-174.56,13.425,-15.967,3
-173.93,13.523,-16.038,3
-173.29,13.621,-16.108,3
-172.66,13.719,-16.178,3
-172.03,13.817,-16.247,3
-171.4,13.915,-16.316,3
-170.77,14.014,-16.383,3
-170.14,14.112,-16.45,3
-169.51,14.211,-16.516,3
-168.88,14.31,-16.582,3
-168.26,14.409,-16.647,3
-167.63,14.508,-16.711,3
-167.01,14.608,-16.774,3
-166.38,14.707,-16.837,3
-165.76,14.807,-16.899,3
-165.14,14.907,-16.96,3
-164.52,15.007,-17.02,3
-163.9,15.107,-17.08,3
-163.28,15.207,-17.139,3
-162.67,15.307,-17.198,3
-162.05,15.408,-17.255,3
-161.44,15.508,-17.312,3
-160.82,15.609,-17.369,3
-160.21,15.71,-17.424,3
-159.6,15.811,-17.479,3
-158.99,15.912,-17.533,3
-158.38,16.013,-17.587,3
-157.77,16.114,-17.64,3
-157.16,16.216,-17.692,3
-156.55,16.317,-17.743,3
-155.95,16.419,-17.794,3
-155.34,16.521,-17.844,3
-154.74,16.623,-17.894,3
-154.13,16.725,-17.942,3
-153.53,16.827,-17.99,3
-152.93,16.929,-18.038,3
-152.33,17.031,-18.084,3
-151.73,17.134,-18.13,3
-151.13,17.236,-18.176,3
-150.53,17.339,-18.22,3
-149.93,17.442,-18.264,3
-149.34,17.544,-18.308,3
-148.74,17.647,-18.35,3
-148.15,17.75,-18.392,3
-147.56,17.854,-18.434,3
-146.96,17.957,-18.474,3
-146.37,18.06,-18.514,3
-145.78,18.164,-18.554,3
-145.19,18.267,-18.592,3
-144.6,18.371,-18.63,3
-144.02,18.475,-18.668,3
-143.43,18.578,-18.705,3
-142.84,18.682,-18.741,3
-142.26,18.786,-18.776,3
-141.67,18.89,-18.811,3
-141.09,18.994,-18.845,3
-140.51,19.099,-18.878,3
-139.93,19.203,-18.911,3
-139.35,19.307,-18.944,3
-138.77,19.412,-18.975,3
-138.19,19.516,-19.006,3
-137.61,19.621,-19.036,3
-137.03,19.726,-19.066,3
-136.45,19.83,-19.095,3
-135.88,19.935,-19.123,3
-135.3,20.04,-19.151,3
-134.73,20.145,-19.178,3
-134.16,20.25,-19.205,3
-133.58,20.355,-19.231,3
-133.01,20.461,-19.256,3
-132.44,20.566,-19.28,3
-131.87,20.671,-19.304,3
-131.3,20.776,-19.328,3
-130.73,20.882,-19.35,3
-130.17,20.987,-19.373,3
-129.6,21.093,-19.394,3
-129.03,21.198,-19.415,3
-128.47,21.304,-19.435,3
-127.9,21.41,-19.455,3
-127.34,21.516,-19.474,3
-126.78,21.621,-19.492,3
-126.22,21.727,-19.51,3
-125.66,21.833,-19.528,3
-125.1,21.939,-19.544,3
-124.54,22.045,-19.56,3
-123.98,22.151,-19.576,3
-123.42,22.257,-19.59,3
-122.86,22.363,-19.605,3
-122.31,22.469,-19.618,3
-121.75,22.576,-19.631,3
-121.19,22.682,-19.644,3
-120.64,22.788,-19.656,3
-120.09,22.894,-19.667,3
-119.53,23.001,-19.678,3
-118.98,23.107,-19.688,3
-118.43,23.214,-19.697,3
-117.88,23.32,-19.706,3
-117.33,23.426,-19.714,3
-116.78,23.533,-19.722,3
-116.23,23.639,-19.729,3
-115.69,23.746,-19.736,3
-115.14,23.853,-19.742,3
-114.59,23.959,-19.747,3
-114.05,24.066,-19.752,3
-113.5,24.172,-19.757,3
-112.96,24.279,-19.76,3
-112.41,24.386,-19.764,3
-111.87,24.492,-19.766,3
-111.33,24.599,-19.768,3
-110.79,24.706,-19.77,3
-110.25,24.812,-19.771,3
-109.71,24.919,-19.771,3
-109.17,25.026,-19.771,3
-108.63,25.132,-19.77,3
-108.09,25.239,-19.769,3
-107.55,25.346,-19.767,3
-107.02,25.453,-19.764,3
-106.48,25.559,-19.761,3
-105.95,25.666,-19.758,3
-105.41,25.773,-19.754,3
-104.88,25.88,-19.749,3
-104.34,25.986,-19.744,3
-103.81,26.093,-19.738,3
-103.28,26.2,-19.732,3
-102.75,26.306,-19.725,3
-102.22,26.413,-19.718,3
-101.69,26.52,-19.71,3
-101.16,26.627,-19.701,3
-100.63,26.733,-19.692,3
-100.1,26.84,-19.683,3
-99.574,26.946,-19.673,3
-99.046,27.053,-19.662,3
-98.52,27.16,-19.651,3
-97.994,27.266,-19.64,3
-97.469,27.373,-19.627,3
-96.944,27.479,-19.615,3
-96.42,27.586,-19.602,3
-95.897,27.692,-19.588,3
-95.374,27.799,-19.574,3
-94.852,27.905,-19.559,3
-94.33,28.012,-19.544,3
-93.809,28.118,-19.528,3
-93.289,28.224,-19.512,3
-92.769,28.331,-19.495,3
-92.25,28.437,-19.477,3
-91.731,28.543,-19.46,3
-91.213,28.649,-19.441,3
-90.695,28.756,-19.422,3
-90.178,28.862,-19.403,3
-89.661,28.968,-19.383,3
-89.145,29.074,-19.363,3
-88.63,29.18,-19.342,3
-88.115,29.286,-19.321,3
-87.601,29.392,-19.299,3
-87.087,29.497,-19.277,3
-86.574,29.603,-19.254,3
-86.061,29.709,-19.23,3
-85.549,29.815,-19.207,3
-85.037,29.92,-19.182,3
-84.526,30.026,-19.157,3
-84.015,30.132,-19.132,3
-83.505,30.237,-19.106,3
-82.995,30.342,-19.08,3
-82.486,30.448,-19.053,3
-81.977,30.553,-19.026,3
-81.469,30.658,-18.999,3
-80.962,30.764,-18.97,3
-80.454,30.869,-18.942,3
-79.948,30.974,-18.913,3
-79.442,31.079,-18.883,3
-78.936,31.184,-18.853,3
-78.431,31.288,-18.823,3
-77.926,31.393,-18.792,3
-77.422,31.498,-18.76,3
-76.918,31.603,-18.728,3
-76.414,31.707,-18.696,3
-75.912,31.812,-18.663,3
-75.409,31.916,-18.63,3
-74.907,32.02,-18.596,3
-74.406,32.124,-18.562,3
-73.905,32.229,-18.527,3
-73.404,32.333,-18.492,3
-72.904,32.437,-18.456,3
-72.404,32.541,-18.42,3
-71.905,32.644,-18.384,3
-71.406,32.748,-18.347,3
-70.907,32.852,-18.31,3
-70.409,32.955,-18.272,3
-69.912,33.059,-18.233,3
-69.414,33.162,-18.195,3
-68.918,33.265,-18.156,3
-68.421,33.368,-18.116,3
-67.925,33.472,-18.076,3
-67.43,33.575,-18.036,3
-66.935,33.677,-17.995,3
-66.44,33.78,-17.953,3
-65.946,33.883,-17.912,3
-65.452,33.985,-17.869,3
-64.958,34.088,-17.827,3
-64.465,34.19,-17.784,3
-63.972,34.292,-17.74,3
-63.479,34.394,-17.697,3
-62.987,34.497,-17.652,3
-62.496,34.598,-17.608,3
-62.004,34.7,-17.562,3
-61.513,34.802,-17.517,3
-61.023,34.903,-17.471,3
-60.532,35.005,-17.424,3
-60.043,35.106,-17.378,3
-59.553,35.207,-17.33,3
-59.064,35.308,-17.283,3
-58.575,35.409,-17.235,3
-58.086,35.51,-17.186,3
-57.598,35.611,-17.138,3
-56.623,35.812,-17.039,3
-55.649,36.012,-16.938,3
-54.676,36.212,-16.836,3
-53.704,36.412,-16.733,3
-52.734,36.611,-16.627,3
-51.765,36.809,-16.521,3
-50.797,37.007,-16.412,3
-49.83,37.204,-16.303,3
-48.864,37.4,-16.191,3
-47.899,37.596,-16.078,3
-46.936,37.792,-15.964,3
-45.973,37.987,-15.848,3
-45.012,38.181,-15.731,3
-44.051,38.374,-15.612,3
-43.091,38.567,-15.492,3
-42.133,38.759,-15.371,3
-41.175,38.95,-15.248,3
-40.218,39.141,-15.123,3
-39.262,39.331,-14.997,3
-38.306,39.521,-14.87,3
-37.352,39.709,-14.742,3
-36.398,39.897,-14.612,3
-35.445,40.084,-14.481,3
-34.493,40.271,-14.348,3
-33.541,40.456,-14.214,3
-32.59,40.641,-14.079,3
-31.639,40.825,-13.943,3
-30.69,41.009,-13.805,3
-29.74,41.191,-13.666,3
-28.792,41.373,-13.525,3
-27.844,41.553,-13.384,3
-26.896,41.733,-13.241,3
-25.949,41.913,-13.097,3
-25.002,42.091,-12.952,3
-24.055,42.268,-12.806,3
-23.109,42.445,-12.658,3
-22.164,42.621,-12.509,3
-21.218,42.795,-12.36,3
-20.273,42.969,-12.209,3
-19.328,43.142,-12.056,3
-18.384,43.314,-11.903,3
-17.44,43.485,-11.749,3
-16.495,43.655,-11.593,3
-15.551,43.824,-11.437,3
-14.607,43.993,-11.279,3
-13.664,44.16,-11.12,3
-12.72,44.326,-10.961,3
-11.776,44.491,-10.8,3
-10.833,44.655,-10.638,3
-9.8892,44.818,-10.475,3
-8.9455,44.98,-10.311,3
-8.0018,45.141,-10.147,3
-7.058,45.301,-9.9808,3
-6.1141,45.46,-9.814,3
-5.1701,45.618,-9.6464,3
-4.2259,45.775,-9.4777,3
-3.2815,45.931,-9.3082,3
-2.3368,46.085,-9.1377,3
-1.392,46.239,-8.9664,3
-0.4468,46.391,-8.7942,3
0.49866,46.542,-8.621,3
1.4444,46.692,-8.4471,3
2.3906,46.841,-8.2722,3
3.3371,46.988,-8.0966,3
4.2841,47.135,-7.9201,3
5.2315,47.28,-7.7428,3
6.1793,47.424,-7.5647,3
7.1276,47.567,-7.3858,3
8.0765,47.708,-7.2061,3
9.0259,47.849,-7.0256,3
9.9759,47.988,-6.8445,3
10.927,48.126,-6.6625,3
11.878,48.262,-6.4799,3
12.83,48.398,-6.2965,3
13.782,48.532,-6.1124,3
14.735,48.664,-5.9276,3
15.689,48.796,-5.7422,3
16.644,48.926,-5.5561,3
17.6,49.054,-5.3693,3
18.556,49.182,-5.1819,3
19.513,49.308,-4.9939,3
20.472,49.433,-4.8052,3
21.431,49.556,-4.616,3
22.391,49.678,-4.4261,3
23.351,49.798,-4.2357,3
24.313,49.917,-4.0447,3
25.276,50.035,-3.8531,3
26.24,50.151,-3.661,3
27.205,50.266,-3.4684,3
28.171,50.379,-3.2752,3
29.138,50.491,-3.0816,3
30.107,50.602,-2.8874,3
31.076,50.71,-2.6928,3
32.047,50.818,-2.4977,3
33.019,50.924,-2.3021,3
33.992,51.028,-2.1061,3
34.479,51.08,-2.008,3
35.454,51.182,-1.8113,3
35.943,51.232,-1.7128,3
36.431,51.283,-1.6142,3
36.92,51.332,-1.5156,3
37.409,51.382,-1.4168,3
37.898,51.431,-1.3179,3
38.388,51.479,-1.2189,3
38.878,51.527,-1.1198,3
39.369,51.575,-1.0207,3
39.859,51.622,-0.92142,3
40.351,51.669,-0.82208,3
40.842,51.716,-0.72264,3
41.334,51.762,-0.62312,3
41.826,51.808,-0.52352,3
42.319,51.853,-0.42383,3
42.812,51.898,-0.32406,3
43.306,51.943,-0.22421,3
43.799,51.987,-0.12428,3
44.294,52.03,-0.024268,3
44.788,52.074,0.075817,3
45.283,52.117,0.17598,3
45.779,52.159,0.27621,3
46.274,52.201,0.37651,3
46.771,52.243,0.47688,3
47.267,52.284,0.57732,3
47.764,52.325,0.67783,3
48.262,52.365,0.77841,3
48.76,52.405,0.87904,3
49.258,52.445,0.97974,3
49.757,52.484,1.0805,3
50.256,52.523,1.1813,3
50.755,52.561,1.2822,3
51.255,52.599,1.3831,3
51.756,52.636,1.4841,3
52.257,52.673,1.5852,3
52.758,52.71,1.6862,3
53.26,52.746,1.7874,3
53.762,52.782,1.8886,3
54.265,52.817,1.9898,3
54.768,52.852,2.0911,3
55.272,52.887,2.1924,3
55.776,52.921,2.2938,3
56.28,52.954,2.3952,3
56.785,52.987,2.4966,3
57.291,53.02,2.5981,3
57.797,53.052,2.6997,3
58.303,53.084,2.8012,3
58.81,53.115,2.9028,3
59.318,53.146,3.0044,3
59.826,53.176,3.1061,3
60.334,53.206,3.2077,3
60.843,53.236,3.3095,3
61.353,53.265,3.4112,3
61.863,53.294,3.5129,3
62.373,53.322,3.6147,3
62.884,53.349,3.7165,3
63.396,53.377,3.8183,3
63.908,53.404,3.9202,3
64.42,53.43,4.022,3
64.933,53.456,4.1239,3
65.447,53.481,4.2258,3
65.961,53.506,4.3276,3
66.476,53.531,4.4295,3
66.991,53.555,4.5315,3
67.507,53.578,4.6334,3
68.023,53.601,4.7353,3
68.54,53.624,4.8372,3
69.057,53.646,4.9391,3
69.575,53.668,5.0411,3
70.094,53.689,5.143,3
70.613,53.709,5.2449,3
71.133,53.73,5.3468,3
71.653,53.749,5.4487,3
72.174,53.769,5.5507,3
72.695,53.787,5.6526,3
73.217,53.806,5.7544,3
73.74,53.823,5.8563,3
74.263,53.841,5.9582,3
74.787,53.858,6.06,3
75.311,53.874,6.1619,3
75.836,53.89,6.2637,3
76.362,53.905,6.3655,3
76.888,53.92,6.4673,3
77.415,53.934,6.569,3
77.942,53.948,6.6707,3
78.47,53.962,6.7725,3
78.999,53.975,6.8741,3
79.528,53.987,6.9758,3
80.058,53.999,7.0774,3
80.588,54.01,7.179,3
81.119,54.021,7.2805,3
81.651,54.031,7.3821,3
82.184,54.041,7.4835,3
82.717,54.051,7.585,3
83.25,54.06,7.6864,3
83.785,54.068,7.7878,3
84.32,54.076,7.8891,3
84.855,54.083,7.9904,3
85.392,54.09,8.0916,3
85.929,54.096,8.1928,3
86.466,54.102,8.2939,3
87.005,54.107,8.395,3
87.544,54.112,8.4961,3
88.083,54.116,8.5971,3
88.624,54.12,8.698,3
89.165,54.123,8.7989,3
89.707,54.126,8.8997,3
90.249,54.128,9.0004,3
90.792,54.129,9.1011,3
91.336,54.131,9.2018,3
91.881,54.131,9.3023,3
92.426,54.131,9.4029,3
92.972,54.131,9.5033,3
93.518,54.129,9.6037,3
94.066,54.128,9.704,3
94.614,54.126,9.8042,3
95.163,54.123,9.9044,3
95.712,54.12,10.004,3
96.262,54.116,10.104,3
96.813,54.112,10.204,3
97.365,54.107,10.304,3
97.918,54.102,10.404,3
98.471,54.096,10.504,3
99.025,54.089,10.603,3
99.58,54.082,10.703,3
100.13,54.075,10.802,3
100.69,54.067,10.902,3
101.25,54.058,11.001,3
101.81,54.049,11.1,3
102.36,54.039,11.199,3
102.92,54.029,11.298,3
103.48,54.018,11.397,3
104.04,54.006,11.496,3
104.61,53.994,11.594,3
105.17,53.982,11.693,3
105.73,53.969,11.791,3
106.3,53.955,11.89,3
106.86,53.941,11.988,3
107.43,53.926,12.086,3
107.99,53.91,12.184,3
108.56,53.894,12.282,3
109.13,53.878,12.38,3
109.7,53.861,12.478,3
110.27,53.843,12.575,3
110.84,53.825,12.673,3
111.41,53.806,12.77,3
111.98,53.787,12.868,3
112.55,53.767,12.965,3
113.13,53.746,13.062,3
113.7,53.725,13.159,3
114.28,53.703,13.255,3
114.85,53.681,13.352,3
115.43,53.658,13.449,3
116.01,53.634,13.545,3
116.59,53.61,13.641,3
117.17,53.586,13.737,3
117.75,53.56,13.833,3
118.33,53.535,13.929,3
118.91,53.508,14.025,3
119.49,53.481,14.12,3
120.08,53.453,14.216,3
120.66,53.425,14.311,3
121.25,53.396,14.406,3
121.83,53.367,14.501,3
122.42,53.337,14.596,3
123.01,53.306,14.691,3
123.6,53.275,14.785,3
124.19,53.243,14.88,3
124.78,53.211,14.974,3
125.37,53.178,15.068,3
125.96,53.144,15.162,3
126.56,53.11,15.256,3
127.15,53.075,15.349,3
127.75,53.039,15.443,3
128.35,53.003,15.536,3
128.94,52.967,15.629,3
129.54,52.929,15.722,3
130.14,52.891,15.815,3
130.74,52.853,15.908,3
131.34,52.813,16,3
131.94,52.774,16.092,3
132.55,52.733,16.185,3
133.15,52.692,16.277,3
133.76,52.65,16.368,3
134.36,52.608,16.46,3
134.97,52.565,16.551,3
135.58,52.522,16.643,3
136.19,52.477,16.734,3
136.79,52.432,16.825,3
137.41,52.387,16.915,3
138.02,52.341,17.006,3
138.63,52.294,17.096,3
139.24,52.247,17.186,3
139.86,52.199,17.276,3
140.47,52.15,17.366,3
141.09,52.101,17.455,3
141.71,52.051,17.545,3
142.33,52,17.634,3
142.95,51.949,17.723,3
143.57,51.897,17.812,3
144.19,51.844,17.9,3
144.81,51.791,17.988,3
145.43,51.737,18.077,3
146.06,51.683,18.165,3
146.68,51.628,18.252,3
147.31,51.572,18.34,3
147.94,51.515,18.427,3
148.57,51.458,18.514,3
149.2,51.4,18.601,3
149.83,51.342,18.688,3
150.46,51.283,18.774,3
151.09,51.223,18.86,3
151.73,51.163,18.946,3
152.36,51.101,19.032,3
153,51.04,19.118,3
153.64,50.977,19.203,3
154.27,50.914,19.288,3
154.91,50.85,19.373,3
155.55,50.786,19.458,3
156.19,50.721,19.542,3
156.84,50.655,19.626,3
157.48,50.588,19.71,3
158.13,50.521,19.794,3
158.77,50.453,19.878,3
159.42,50.385,19.961,3
160.07,50.316,20.044,3
160.71,50.246,20.127,3
161.37,50.175,20.209,3
162.02,50.104,20.291,3
162.67,50.032,20.373,3
163.32,49.959,20.455,3
163.98,49.886,20.537,3
164.63,49.812,20.618,3
165.29,49.737,20.699,3
165.95,49.662,20.78,3
166.61,49.586,20.86,3
167.27,49.509,20.94,3
167.93,49.432,21.02,3
168.59,49.353,21.1,3
169.25,49.274,21.18,3
169.92,49.195,21.259,3
170.58,49.115,21.338,3
171.25,49.034,21.417,3
171.92,48.952,21.495,3
172.59,48.869,21.573,3
173.26,48.786,21.651,3
173.93,48.702,21.729,3
174.6,48.618,21.806,3
175.28,48.533,21.883,3
175.95,48.447,21.96,3
176.63,48.36,22.036,3
177.31,48.273,22.112,3
177.98,48.184,22.188,3
178.66,48.096,22.264,3
179.35,48.006,22.339,3
180.03,47.916,22.415,3
180.71,47.825,22.489,3
181.4,47.733,22.564,3
182.08,47.641,22.638,3
182.77,47.547,22.712,3
183.46,47.454,22.786,3
184.15,47.359,22.859,3
184.84,47.264,22.932,3
185.53,47.167,23.005,3
186.22,47.071,23.077,3
186.92,46.973,23.149,3
187.61,46.875,23.221,3
188.31,46.776,23.293,3
189.01,46.676,23.364,3
189.71,46.575,23.435,3
190.41,46.474,23.505,3
191.11,46.372,23.576,3
191.81,46.269,23.646,3
192.52,46.166,23.715,3
193.22,46.062,23.785,3
193.93,45.957,23.854,3
194.64,45.851,23.922,3
195.35,45.744,23.991,3
196.06,45.637,24.059,3
196.77,45.529,24.127,3
197.48,45.42,24.194,3
198.2,45.311,24.261,3
198.91,45.201,24.328,3
199.63,45.09,24.394,3
200.35,44.978,24.46,3
201.07,44.865,24.526,3
201.79,44.752,24.592,3
202.51,44.638,24.657,3
203.24,44.523,24.721,3
203.96,44.407,24.786,3
204.69,44.291,24.85,3
205.41,44.174,24.914,3
206.14,44.056,24.977,3
206.87,43.937,25.04,3
207.6,43.818,25.103,3
208.34,43.698,25.165,3
209.07,43.577,25.227,3
209.81,43.455,25.289,3
210.54,43.332,25.35,3
211.28,43.209,25.411,3
212.02,43.085,25.472,3
212.76,42.96,25.532,3
213.5,42.834,25.592,3
214.25,42.708,25.652,3
214.99,42.58,25.711,3
215.74,42.452,25.77,3
216.49,42.323,25.828,3
217.24,42.194,25.886,3
217.99,42.063,25.944,3
218.74,41.932,26.001,3
219.49,41.8,26.058,3
220.25,41.667,26.115,3
221,41.534,26.171,3
221.76,41.399,26.227,3
222.52,41.264,26.282,3
223.28,41.128,26.337,3
224.04,40.991,26.392,3
224.8,40.854,26.446,3
225.57,40.715,26.5,3
226.33,40.576,26.554,3
227.1,40.436,26.607,3
227.87,40.295,26.66,3
228.64,40.153,26.712,3
229.41,40.011,26.764,3
230.18,39.868,26.816,3
230.96,39.724,26.867,3
231.73,39.579,26.918,3
232.51,39.433,26.968,3
233.29,39.286,27.018,3
234.07,39.139,27.068,3
234.85,38.991,27.117,3
235.63,38.842,27.166,3
236.42,38.692,27.214,3
237.2,38.541,27.262,3
237.99,38.39,27.31,3
238.78,38.238,27.357,3
239.57,38.085,27.404,3
240.36,37.931,27.45,3
241.16,37.776,27.496,3
241.95,37.62,27.542,3
242.75,37.464,27.587,3
243.55,37.306,27.632,3
244.34,37.148,27.676,3
245.15,36.989,27.72,3
245.95,36.829,27.763,3
246.75,36.669,27.806,3
247.56,36.507,27.849,3
248.36,36.345,27.891,3
249.17,36.182,27.933,3
249.98,36.018,27.974,3
250.79,35.853,28.015,3
251.61,35.687,28.056,3
252.42,35.52,28.096,3
253.24,35.353,28.135,3
254.05,35.185,28.174,3
254.87,35.016,28.213,3
255.69,34.846,28.251,3
256.51,34.675,28.289,3
257.34,34.503,28.326,3
258.16,34.331,28.363,3
258.99,34.157,28.4,3
259.82,33.983,28.436,3
260.65,33.808,28.471,3
261.48,33.632,28.506,3
262.31,33.455,28.541,3
263.15,33.277,28.575,3
263.98,33.098,28.609,3
264.82,32.919,28.642,3
265.66,32.738,28.675,3
266.5,32.557,28.708,3
267.34,32.375,28.739,3
268.19,32.192,28.771,3
269.03,32.008,28.802,3
269.88,31.824,28.832,3
270.73,31.638,28.862,3
271.58,31.451,28.892,3
272.43,31.264,28.921,3
273.28,31.076,28.95,3
274.14,30.887,28.978,3
274.99,30.697,29.006,3
275.85,30.506,29.033,3
276.71,30.314,29.06,3
277.57,30.121,29.086,3
278.44,29.928,29.111,3
279.3,29.733,29.137,3
280.17,29.538,29.162,3
281.04,29.341,29.186,3
281.91,29.144,29.21,3
282.78,28.946,29.233,3
283.65,28.747,29.256,3
284.53,28.547,29.278,3
285.4,28.347,29.3,3
286.28,28.145,29.321,3
287.16,27.942,29.342,3
288.04,27.739,29.362,3
288.93,27.534,29.382,3
289.81,27.329,29.402,3
290.7,27.123,29.42,3
291.59,26.916,29.439,3
292.47,26.708,29.457,3
293.37,26.499,29.474,3
294.26,26.289,29.491,3
295.15,26.078,29.507,3
296.05,25.866,29.523,3
296.95,25.654,29.538,3
297.85,25.44,29.553,3
298.75,25.226,29.567,3
299.65,25.01,29.581,3
300.56,24.794,29.594,3
301.47,24.577,29.607,3
302.37,24.359,29.619,3
303.29,24.14,29.63,3
304.2,23.92,29.641,3
305.11,23.699,29.652,3
306.03,23.477,29.662,3
306.94,23.254,29.671,3
307.86,23.03,29.68,3
308.78,22.806,29.689,3
309.71,22.58,29.697,3
310.63,22.353,29.704,3
311.56,22.126,29.711,3
312.48,21.898,29.717,3
313.41,21.668,29.723,3
314.34,21.438,29.728,3
315.28,21.207,29.733,3
316.21,20.974,29.737,3
317.15,20.741,29.74,3
318.09,20.507,29.743,3
319.03,20.272,29.746,3
319.97,20.036,29.748,3
320.91,19.799,29.749,3
321.86,19.561,29.75,3
322.81,19.322,29.75,3
323.75,19.082,29.75,3
324.71,18.841,29.749,3
325.66,18.6,29.747,3
326.61,18.357,29.745,3
327.57,18.113,29.743,3
328.53,17.869,29.739,3
329.49,17.623,29.736,3
330.45,17.376,29.731,3
331.41,17.129,29.726,3
332.38,16.88,29.721,3
