Obj1,Obj2,Figure1,Figure2,Acc,Acc_exp_transform,RT,Skel,Skel_log_transformed,GBJ,GIST,HMAX,conv1,conv2,conv3,conv4,conv5,fc6,fc7,fc8
100,103,Figure_100,Figure_103,0.828571429,2.290044911,2628.828571,70.13,4.25,187.57,0.073,0.23,26215.74,20405.55,11799.05,6170.2,2963.25,459.48,156.32,39.56
100,116,Figure_100,Figure_116,0.833333333,2.30097589,2886.25,74.72,4.31,179.47,0.0592,0.42,23966.7,18812.74,10895.87,5668.51,2778.98,416.3,146.9,39.14
100,44,Figure_100,Figure_44,0.8,2.225540928,1910.457143,96.92,4.57,181.27,0.0884,0.33,25395.91,19927.61,10881.34,5556.03,2663.69,428.7,151.74,39.33
101,100,Figure_101,Figure_100,0.806451613,2.239945674,2319.193548,49.92,3.91,194.07,0.0791,0.44,26030.92,19658.37,10983.33,5713.71,2754.12,446.32,162.84,42.47
101,103,Figure_101,Figure_103,0.742857143,2.101932465,3261.228571,64.34,4.16,214.64,0.1185,0.65,26969.88,22197.67,13525.07,6972.83,3530.94,587.62,187.12,46.03
101,104,Figure_101,Figure_104,0.741935484,2.099996092,2530.322581,47.3,3.86,225.08,0.1481,0.32,28949.46,23970.34,13985.48,7150.37,3477.99,526.44,177.94,46.56
101,106,Figure_101,Figure_106,0.65625,1.92755045,2643.25,59.6,4.09,210.09,0.1135,0.76,26209.93,20908.91,12209.9,6439.15,3223.01,520.93,173.23,42.79
101,107,Figure_101,Figure_107,0.588235294,1.800807714,2779.323529,61.19,4.11,225.6,0.1253,0.96,26937.77,21893.52,13282.38,6846.3,3428.01,546.95,181.15,42
101,108,Figure_101,Figure_108,0.942857143,2.56730611,3237.628571,72.33,4.28,215.67,0.1303,0.34,27586.63,22142.87,12513.49,6572.85,3270.1,595.56,195.22,51.1
101,116,Figure_101,Figure_116,0.805555556,2.237939454,2240.194444,67.15,4.21,173.32,0.0633,0.07,24355.45,17766.29,9561.3,5183.15,2606,428.05,153.73,39.71
101,117,Figure_101,Figure_117,0.794117647,2.21248794,2379.382353,71.31,4.27,182.68,0.0785,0.24,25702.56,19757.88,11645.68,6156.15,3125.04,470.93,153.06,37.05
101,23,Figure_101,Figure_23,0.714285714,2.04272707,2418.857143,87.35,4.47,234.16,0.1564,0.95,30685.37,23969.34,14517.93,7402.99,3743.56,591.7,191.37,47.22
101,234,Figure_101,Figure_234,0.8,2.225540928,2940.028571,83,4.42,216.93,0.1261,0.2,29730.01,22990.93,13856.22,7146.64,3551.28,543.29,177.77,42.85
101,266,Figure_101,Figure_266,0.878787879,2.407979175,2820.212121,92.5,4.53,243.52,0.137,0.5,28792.45,24762.48,15333.71,7798.99,3959.98,610.26,183.37,42.75
101,31,Figure_101,Figure_31,0.735294118,2.086095461,2234.176471,96.66,4.57,199.31,0.085,0.27,26564.34,21086.51,12474.19,6658.73,3393.45,455.1,143.78,33.44
101,32,Figure_101,Figure_32,0.885714286,2.424715714,2409.114286,87.46,4.47,187.04,0.0642,0.06,25801.09,19151.15,10741.06,5590.05,2655.5,414.93,158.32,32.51
101,36,Figure_101,Figure_36,0.888888889,2.432425455,2178.472222,126.86,4.84,223.31,0.1612,0.54,28634.87,23523.55,13802.59,7197.73,3666.43,644.8,207.98,55.08
101,39,Figure_101,Figure_39,0.970588235,2.639496647,2239.323529,82.87,4.42,226.25,0.1192,0.68,28073.73,23302.21,14506.44,7343.32,3785.37,601.65,195.42,45.99
101,43,Figure_101,Figure_43,0.64516129,1.906294471,1827.516129,85.12,4.44,181.05,0.0947,0.27,26500.94,20582.86,11155.57,5798.47,2833.22,447.52,149.54,38.64
101,44,Figure_101,Figure_44,0.882352941,2.41657909,3619.176471,89.22,4.49,208.69,0.1194,0.25,26401.25,21881.96,12152.17,6312.43,3136.82,540.45,184.13,44.52
101,48,Figure_101,Figure_48,0.735294118,2.086095461,1896.823529,67,4.2,204.46,0.0885,0.31,26943.79,21579.67,12748.53,6673.01,3212.61,471.73,165.84,37.8
101,56,Figure_101,Figure_56,0.888888889,2.432425455,2778.407407,81.74,4.4,195.25,0.0884,0.28,26164.13,20747.51,11506.96,6053.04,3012.18,509.29,174.54,45.11
101,61,Figure_101,Figure_61,0.823529412,2.278527525,2784.117647,100.03,4.61,205.6,0.1141,0.15,29068.2,22475.39,13143.87,6768.1,3389.41,548.37,177.69,42.38
101,65,Figure_101,Figure_65,0.78125,2.184200811,3035.5625,73.33,4.29,188.44,0.0886,0.31,26709.67,20579.44,11478.61,5929.56,2894.54,462.19,157.66,40.31
101,71,Figure_101,Figure_71,0.935483871,2.548446279,2488.064516,89.96,4.5,198.51,0.1096,0.23,26571.73,21132.37,12688.05,6671.69,3309.71,475.62,162.12,41.7
101,72,Figure_101,Figure_72,0.774193548,2.168842354,2023.387097,47.44,3.86,236.92,0.1373,0.63,29995,24850.13,15094.84,7704.01,3924.3,592.46,188.66,44.62
101,76,Figure_101,Figure_76,0.909090909,2.482065084,2339.090909,50.63,3.92,196.13,0.1149,0.22,27444.84,20656.88,12223.42,6419.49,3281.3,538.91,179.05,47.35
101,83,Figure_101,Figure_83,0.833333333,2.30097589,2275.333333,63.68,4.15,203.76,0.114,0.3,26004.06,21542.06,12203.48,6335.52,3142.06,554.56,187.21,45.68
101,85,Figure_101,Figure_85,0.818181818,2.266375406,1912.878788,65.9,4.19,192.54,0.0802,0.07,27253.35,20533.53,10810.01,5727.61,2787.35,417.3,145.11,40.15
101,90,Figure_101,Figure_90,0.894736842,2.446691838,2305.157895,61.67,4.12,193.79,0.0787,0.25,25718.05,20056.59,11448.7,5953.85,2870.96,424.43,141.28,35.81
104,100,Figure_104,Figure_100,0.742857143,2.101932465,3208.828571,42.71,3.75,206.47,0.1112,0.35,27970.29,22041.26,12732.46,6504.71,3096.85,460.75,177.6,47.32
104,103,Figure_104,Figure_103,0.735294118,2.086095461,3270.794118,58.31,4.07,193.27,0.1028,0.31,27732.03,20812.04,12160.99,6238.38,3053.7,443.87,152.65,36.9
104,106,Figure_104,Figure_106,0.891891892,2.439741014,2715.513514,57.2,4.05,229.09,0.131,0.45,27971.24,22729.45,13518.08,6918.36,3472.05,567.41,206.35,55.78
104,107,Figure_104,Figure_107,0.914285714,2.494992477,2071.571429,83.03,4.42,216.85,0.1244,0.52,28439.12,22264.31,13188.17,6809.34,3318.66,512.12,186.75,44.6
104,108,Figure_104,Figure_108,0.705882353,2.02563322,2321.823529,57.85,4.06,181.95,0.0809,0.11,27341.48,19749.87,11210.56,5837.1,2818.43,431.4,147.87,37.8
104,116,Figure_104,Figure_116,0.84375,2.32506966,3633.40625,69.36,4.24,197.59,0.0833,0.23,26672.96,21959.81,13003.72,6791.55,3306.97,504.83,182.25,50.03
104,117,Figure_104,Figure_117,0.735294118,2.086095461,2755.176471,62.87,4.14,228.96,0.1583,0.22,28508.93,23257.4,14433.27,7436.97,3677.35,495,164.28,38.56
104,23,Figure_104,Figure_23,0.805555556,2.237939454,3173.444444,96.62,4.57,237.57,0.1753,0.58,31180.5,23786.56,14081.08,7138.45,3512.08,571.38,205.34,53.66
104,234,Figure_104,Figure_234,0.794117647,2.21248794,2532.647059,93.96,4.54,235.09,0.1332,0.24,31851.47,26188.61,15185.96,7756.15,3689.07,521.44,175.11,46.6
104,266,Figure_104,Figure_266,0.828571429,2.290044911,2725.914286,109.7,4.7,227.96,0.1327,0.18,28869.83,23570.35,14491.13,7362.49,3667.03,505.97,168.79,41.97
104,31,Figure_104,Figure_31,0.6875,1.98873747,2204.15625,84.98,4.44,229.59,0.1383,0.22,28528.57,23930.91,14704.94,7528.84,3626.39,501.51,169.12,44.53
104,32,Figure_104,Figure_32,0.837837838,2.311364027,2745.351351,73.79,4.3,208.86,0.0967,0.26,28570.3,23619.51,13853.78,7169.79,3515.54,510.76,176.28,41.91
104,36,Figure_104,Figure_36,0.757575758,2.1330988,2067.575758,124.69,4.83,193.5,0.1023,0.22,29565.42,21867.03,12144.86,6353.8,3088.79,500.01,175.29,51.4
104,39,Figure_104,Figure_39,0.903225806,2.467550125,1833.258065,79.56,4.38,204.25,0.1175,0.33,28028.94,21940.92,13254.31,6654.62,3321.91,484.03,178.24,41.72
104,43,Figure_104,Figure_43,0.764705882,2.14836241,2468.470588,95.02,4.55,182.2,0.072,0.13,28217.12,21927.21,12118.51,6261.75,2965.83,414.85,142.27,38.53
104,44,Figure_104,Figure_44,0.857142857,2.356418442,2322.628571,100.17,4.61,176.16,0.0802,0.1,26110.72,19308.7,10975.46,5714.04,2799.28,443.72,170.17,46.74
104,48,Figure_104,Figure_48,0.571428571,1.770794952,2853.914286,72.91,4.29,210.08,0.1163,0.21,28084.75,22891.5,13293.43,6919.78,3257.34,496.41,167.43,39.26
104,56,Figure_104,Figure_56,0.71875,2.051866773,1940,88.15,4.48,162.28,0.0612,0.1,25314.81,17981.32,10117.12,5289.03,2632.23,454.71,175.36,50.71
104,61,Figure_104,Figure_61,0.766666667,2.152579019,2398.8,112.61,4.72,223.65,0.1215,0.1,30931.35,25432.28,13898.87,6939.63,3290.41,462.2,151.81,37.58
104,71,Figure_104,Figure_71,0.794117647,2.21248794,1883.029412,85.48,4.45,233.39,0.1574,0.19,29106.52,24651.8,14705.92,7477.94,3648.01,497.09,167.16,43.7
104,76,Figure_104,Figure_76,0.742857143,2.101932465,2438.485714,73.5,4.3,215.53,0.1133,0.23,31080.8,25517.45,14621.03,7534.37,3638.55,519.56,187.82,54.12
104,83,Figure_104,Figure_83,0.617647059,1.854559236,2061.941176,75.28,4.32,184.68,0.0781,0.1,26612.09,20372.44,12004.35,6319.87,3123.93,471.87,166.4,42.01
104,85,Figure_104,Figure_85,0.848484848,2.336104616,2165.969697,71.85,4.27,208.41,0.0841,0.22,28460.21,22745,13454.16,7000.57,3348.76,482.71,167.6,50.67
104,90,Figure_104,Figure_90,0.75,2.117000017,2276.21875,57.15,4.05,187.51,0.1039,0.2,27424.11,21976.5,12458.86,6444.43,3059.69,452.12,161.02,45.41
106,100,Figure_106,Figure_100,0.9375,2.553589458,2215.125,63.76,4.16,174.96,0.0675,0.24,25343.43,18397.1,10390.32,5564.81,2757.73,444.33,152.96,41.65
106,103,Figure_106,Figure_103,0.852941176,2.346538295,2065.323529,77.35,4.35,174.75,0.0526,0.12,25686.37,19279.05,10950.09,5808.99,2900.87,499.72,169.07,43.98
106,107,Figure_106,Figure_107,0.677419355,1.968790422,2276.16129,59.47,4.09,180.13,0.0578,0.13,25406.72,18493.42,10474.8,5528.79,2683.23,413.24,138.2,36.03
106,108,Figure_106,Figure_108,0.857142857,2.356418442,3278.914286,81.13,4.4,224.62,0.1099,0.4,26000.22,21144.35,12528.99,6596.29,3266.32,599.82,202.68,52.12
106,116,Figure_106,Figure_116,0.837837838,2.311364027,2252.72973,94.72,4.55,202.6,0.071,0.69,24516.27,19863.55,11783.79,6289.55,3131.87,465.66,162.85,41.56
106,39,Figure_106,Figure_39,0.911764706,2.488710503,1689.970588,83.85,4.43,184.03,0.0645,0.14,26362.51,19653.86,11595.15,6125.51,3141.36,490.28,162.65,42.39
106,43,Figure_106,Figure_43,0.888888889,2.432425455,2217.583333,102.57,4.63,210.09,0.091,0.33,26151.06,21592.19,12655.71,6644.67,3283.21,520.34,181.92,45.07
106,44,Figure_106,Figure_44,0.9,2.459603111,1975.966667,108.69,4.69,204.76,0.104,0.43,25664.29,21043.34,12017.77,6240.55,3072.93,500.22,165.53,40.9
106,48,Figure_106,Figure_48,0.870967742,2.389221885,1439.709677,87.71,4.47,188.85,0.0759,0.23,25927.44,19749.3,11538.82,6095.82,3000.18,542.8,211.2,48.83
106,76,Figure_106,Figure_76,0.818181818,2.266375406,1915.969697,76.27,4.33,212.35,0.1055,0.4,28269.69,22299.73,12814.78,6600.9,3260.28,553.6,168.7,45.95
106,83,Figure_106,Figure_83,0.885714286,2.424715714,2158.6,83.19,4.42,188.72,0.0652,0.26,24252.14,19607.9,11171.7,5932.06,2854.45,507.34,175.87,44.22
107,100,Figure_107,Figure_100,0.852941176,2.346538295,2333.5,78.01,4.36,199.44,0.084,0.39,26290.05,19984.86,11862.13,6194.25,2991.76,444.73,149.75,39.47
107,103,Figure_107,Figure_103,0.75,2.117000017,2517.5,57.88,4.06,172,0.0538,0.13,25821.32,18459.75,10142.53,5251.92,2508.95,412.41,141.57,33.49
107,108,Figure_107,Figure_108,0.8,2.225540928,2012.2,89.74,4.5,221.07,0.1036,0.41,26050.48,20329.49,12327.08,6496.17,3191.44,541.78,184.19,43.09
107,116,Figure_107,Figure_116,0.8125,2.253534787,1883.125,77.18,4.35,205.68,0.0771,0.86,24886.74,20045.94,12391.91,6491.67,3261.03,491.47,165.78,40.55
107,39,Figure_107,Figure_39,0.909090909,2.482065084,2094.090909,78.1,4.36,178.83,0.0605,0.13,26139.32,18886.72,10591.63,5551.09,2690.87,410.04,137.65,35.38
107,43,Figure_107,Figure_43,0.814814815,2.258757346,1846.481481,92.23,4.52,207.67,0.0828,0.38,26607.24,21617.76,13136.38,6824.51,3338.01,493.36,175.04,38.88
107,44,Figure_107,Figure_44,0.885714286,2.424715714,1582.571429,106.7,4.67,193.37,0.0953,0.5,25835.08,19917.17,11732.38,6181.84,3062.94,471.88,155.01,37.94
107,48,Figure_107,Figure_48,0.818181818,2.266375406,2177.333333,86.45,4.46,168.71,0.0703,0.3,26318.55,19199.92,10887.82,5724.9,2754.04,509.75,206.2,41.4
107,76,Figure_107,Figure_76,0.857142857,2.356418442,1936.6,67.14,4.21,223.75,0.1092,0.53,29362.31,23285.08,13646.28,7025.06,3413.39,527.18,156.68,44.95
107,83,Figure_107,Figure_83,0.771428571,2.162853838,2679.085714,77.47,4.35,190.22,0.0787,0.33,24897.89,19112.81,11772.65,6317.6,3128.99,485.41,164.25,38.9
108,100,Figure_108,Figure_100,0.857142857,2.356418442,2585.428571,69.15,4.24,192.45,0.0919,0.36,26106.66,20088.02,11260.73,5833.55,2804.4,494.35,175.58,44.31
108,103,Figure_108,Figure_103,0.735294118,2.086095461,2959.264706,64.27,4.16,194.72,0.0893,0.25,25770.12,19722.44,11779.07,6147.3,2967.66,427.8,139.25,33.26
108,116,Figure_108,Figure_116,0.6875,1.98873747,3383.5625,59.73,4.09,171.22,0.0558,0.22,24675.05,18838.1,10873.74,5791.09,2925.25,535.87,179.51,47.37
108,39,Figure_108,Figure_39,0.8,2.225540928,2289.742857,84.82,4.44,197.89,0.0888,0.24,25906.65,19921.7,12316.43,6336.06,3181.98,479.49,166.27,39.06
108,43,Figure_108,Figure_43,0.625,1.868245957,2794.03125,101.2,4.62,171.58,0.0495,0.02,25908.97,19537.14,10448.19,5442.64,2614.64,445.79,150.79,44.26
108,44,Figure_108,Figure_44,0.722222222,2.059003694,2640.277778,120.13,4.79,163.91,0.0479,0.04,25314.94,18051.53,9745.29,5061.94,2465.6,414.25,145.3,38.17
108,48,Figure_108,Figure_48,0.6,1.8221188,3115.571429,77.03,4.34,207.33,0.109,0.2,27483.84,21896.27,12968.64,6841.94,3283.98,572.49,198.06,48.34
108,76,Figure_108,Figure_76,0.620689655,1.860210503,2068.62069,90.66,4.51,203.62,0.0901,0.25,29720.23,23816.5,13364.81,6998.04,3415.81,527.42,176.95,49.55
116,103,Figure_116,Figure_103,0.638888889,1.894374849,2914.222222,40.47,3.7,208.03,0.0679,0.56,23814.27,19426.81,12641.71,6639.56,3386.12,541.58,174.73,44.03
117,100,Figure_117,Figure_100,0.833333333,2.30097589,2405.666667,66.09,4.19,186.14,0.0915,0.38,26071.84,20450.66,12231.79,6464.89,3136.83,446.59,156.84,39.9
117,103,Figure_117,Figure_103,0.617647059,1.854559236,2495.5,65.9,4.19,181.11,0.0902,0.3,26229.27,20174.74,11876.29,6154.86,3059.48,480.06,154.47,34.81
117,106,Figure_117,Figure_106,0.914285714,2.494992477,1864.571429,87.49,4.47,173.33,0.0798,0.39,25354.86,18791.56,10917.25,5899.24,2943.27,480.12,164.95,44.13
117,107,Figure_117,Figure_107,0.810810811,2.249731354,2652.918919,74.67,4.31,175.06,0.089,0.47,26125.21,19964.84,11332.51,5949.27,2913.93,447.61,154.24,36.16
117,108,Figure_117,Figure_108,0.741935484,2.099996092,2412.419355,51.41,3.94,220.92,0.1371,0.16,27445.31,22687.65,13719.19,7181.12,3537.61,565.11,183.53,43.75
117,116,Figure_117,Figure_116,0.8125,2.253534787,1690.375,55.99,4.03,175.57,0.0681,0.19,24782.16,19710.07,11564.16,6208.51,3162.13,456,157.93,41.18
117,23,Figure_117,Figure_23,0.71875,2.051866773,2461.0625,128.76,4.86,195.31,0.1035,0.51,30573.55,22568.59,12490.63,6503.78,3183.96,484.83,161.22,42.23
117,266,Figure_117,Figure_266,0.888888889,2.432425455,2611.472222,83.22,4.42,210.25,0.1264,0.21,28692.03,23782.11,14153.36,7310.33,3629.37,504.6,154.25,35.63
117,31,Figure_117,Figure_31,0.5,1.648721271,2492.176471,69.17,4.24,171.72,0.0785,0.05,26184.43,20241.12,11624.91,6168.87,3052.98,364.98,119.16,30.07
117,32,Figure_117,Figure_32,0.735294118,2.086095461,2069.764706,84.22,4.43,185.08,0.0699,0.16,27264.5,20812.74,12442.21,6604.7,3339.44,483.24,170.9,33.57
117,39,Figure_117,Figure_39,0.8,2.225540928,3004.1,95.6,4.56,178.4,0.0796,0.29,26908.12,20679,11938.22,6190.5,3074.24,467.31,157.68,35.51
117,43,Figure_117,Figure_43,0.666666667,1.947734042,2737.939394,82.94,4.42,194.48,0.1052,0.12,27448.9,22413.32,13075.44,6858.58,3448.65,476.81,154.21,37.31
117,44,Figure_117,Figure_44,0.575757576,1.778477348,2530.121212,85.63,4.45,209.58,0.133,0.17,26187.61,21862.1,13347.16,7024.85,3515.57,520.87,178.45,44.05
117,48,Figure_117,Figure_48,0.606060606,1.833195476,2357.363636,56.63,4.04,180.04,0.089,0.18,25972.67,20559.93,12375,6504.85,3166.76,445.52,157.57,32.76
117,56,Figure_117,Figure_56,0.828571429,2.290044911,2572.685714,85.66,4.45,193.26,0.0956,0.26,25979.22,21272.14,12618.36,6647.43,3360.21,507.39,175.99,46.21
117,61,Figure_117,Figure_61,0.657142857,1.929272246,2431.657143,76.26,4.33,226.06,0.1287,0.15,29944.94,25132.63,15081.89,7648.83,3699.55,528.08,165.89,35.49
117,76,Figure_117,Figure_76,0.823529412,2.278527525,2181.294118,69,4.23,208.93,0.1217,0.23,28481.21,22705.76,13502.23,6982.91,3399.28,541.39,183.91,49.03
117,83,Figure_117,Figure_83,0.742857143,2.101932465,2436.657143,45.5,3.82,197.67,0.1152,0.18,25804.33,21746.47,13118.09,6917.56,3391.78,528.22,177.11,42.08
117,90,Figure_117,Figure_90,0.71875,2.051866773,2072.875,60.17,4.1,191.16,0.0828,0.24,26494.18,21048.2,12673.97,6669.43,3263.06,438.63,142.89,37.24
118,100,Figure_118,Figure_100,0.8125,2.253534787,1673.53125,64.07,4.16,193.17,0.0903,0.47,27118.72,21636.04,12467.82,6342.43,3076.72,510.42,196.38,48.18
118,101,Figure_118,Figure_101,0.882352941,2.41657909,2690.470588,69.71,4.24,221.11,0.1496,0.38,27643.32,22981.07,13452.69,6930.54,3401.64,571.48,192.4,48.18
118,103,Figure_118,Figure_103,0.636363636,1.889597108,2323.909091,76.89,4.34,210.68,0.1045,0.31,27407.49,22237.26,13234.84,6753.65,3316.28,461.89,158.11,35.83
118,104,Figure_118,Figure_104,0.64516129,1.906294471,2837.419355,64.25,4.16,187.72,0.0973,0.14,28868.75,22078.65,12024.9,6153.55,2913.45,420.48,142.94,35.34
118,106,Figure_118,Figure_106,0.783783784,2.189742121,2896.891892,63.06,4.14,214.16,0.1007,0.47,27241.06,22581.81,13508.75,6993.17,3506.15,614.45,221.36,54.46
118,107,Figure_118,Figure_107,0.84375,2.32506966,2055.875,66.66,4.2,224.73,0.1123,0.49,27521.94,22039.03,13469.91,6932.17,3405.18,550.85,202.13,43.33
118,108,Figure_118,Figure_108,0.588235294,1.800807714,2170.852941,91.89,4.52,177.09,0.0764,0.07,25759.68,19835.33,11173.58,5816.88,2851.38,415.45,140.07,36.7
118,116,Figure_118,Figure_116,0.833333333,2.30097589,2686.866667,94.72,4.55,181.54,0.0792,0.26,25644.44,20071.41,11627.96,6045.93,3109.31,534.58,193.36,48.51
118,117,Figure_118,Figure_117,0.545454545,1.725392473,2051.575758,79.15,4.37,230.07,0.1577,0.18,28083.75,23803.56,14750.23,7645.06,3802.78,564.59,182.64,40.8
118,23,Figure_118,Figure_23,0.676470588,1.966923384,2466.852941,103,4.63,237.07,0.1614,0.61,31195.13,24433.82,14616.38,7430.67,3670.03,617.27,222.15,52.02
118,234,Figure_118,Figure_234,0.882352941,2.41657909,3121.970588,97.07,4.58,218.16,0.1253,0.25,31151.26,24574.76,14137.26,7286.91,3610.19,532.16,179.39,44.73
118,266,Figure_118,Figure_266,0.848484848,2.336104616,2353.636364,109.75,4.7,231.87,0.112,0.14,28836.53,24486.44,15095.36,7621.83,3832.43,546.25,184.54,42.66
118,31,Figure_118,Figure_31,0.545454545,1.725392473,3299.515152,101.35,4.62,224.12,0.1342,0.19,28033.21,24330.35,14725.22,7545.44,3798.01,565.12,185.21,45.06
118,32,Figure_118,Figure_32,0.814814815,2.258757346,2837.666667,98.64,4.59,185.66,0.0915,0.21,26772.71,20702.55,12368.81,6448.25,3288.21,558.59,189.51,44.74
118,36,Figure_118,Figure_36,0.722222222,2.059003694,2299.472222,131.66,4.88,183.69,0.0788,0.18,28100.31,20871.15,11411.03,5954.29,2998.63,449.52,162.33,46.26
118,39,Figure_118,Figure_39,0.685714286,1.985189322,2647.257143,95.12,4.56,219.21,0.1048,0.29,27927.81,22867.33,13984.75,7018.08,3527.44,511.88,188.54,39.74
118,43,Figure_118,Figure_43,0.571428571,1.770794952,2540.857143,87.9,4.48,197.69,0.1014,0.1,26312.72,21304.2,12907.95,6661.56,3228.22,426.5,139.33,37.16
118,44,Figure_118,Figure_44,0.724137931,2.062951926,3151.758621,100.82,4.61,187.09,0.0912,0.1,25802.49,19591.44,11774.67,6052.67,3025.74,465.47,174.76,42.73
118,48,Figure_118,Figure_48,0.59375,1.810766072,3737.03125,80.36,4.39,199.21,0.11,0.23,28349.98,22542.01,12690.22,6568.56,3189.16,542.57,181.52,42.85
118,56,Figure_118,Figure_56,0.783783784,2.189742121,2317.405405,100.28,4.61,176.96,0.067,0.17,25115.48,18705.16,10919.86,5660.46,2783.91,488.99,186.81,48.6
118,60,Figure_118,Figure_60,0.685714286,1.985189322,2801.428571,103,4.63,197.55,0.0909,0.17,28421.26,21645.2,12427.67,6440.64,3171.05,519.94,166.17,44.33
118,61,Figure_118,Figure_61,0.8125,2.253534787,2344.15625,109.94,4.7,203.19,0.1032,0.12,28962.81,22778.48,12869.17,6568.46,3234.37,514.5,165.03,39.97
118,65,Figure_118,Figure_65,0.828571429,2.290044911,2802.2,74.89,4.32,203.19,0.1044,0.18,27557.53,22480.73,12948.78,6597.37,3152.05,489.69,170.26,44.27
118,71,Figure_118,Figure_71,0.71875,2.051866773,2919.59375,81.71,4.4,224.56,0.1438,0.14,28485.88,24683.92,14953.4,7621.18,3781.45,544.65,180.1,45.68
118,72,Figure_118,Figure_72,0.84375,2.32506966,2520.84375,65.87,4.19,249.17,0.1622,0.38,30570.38,24978.17,15322.44,7820.62,3890.09,616.3,215.85,50.03
118,76,Figure_118,Figure_76,0.823529412,2.278527525,2465.617647,71.9,4.28,212.49,0.1208,0.3,29579.02,24363.71,14429.41,7477.51,3697.76,550.15,199.43,52.05
118,83,Figure_118,Figure_83,0.833333333,2.30097589,2554.966667,83.07,4.42,172.86,0.0579,0.08,25161.99,19467.53,11720.59,6148.28,3097.69,469.85,164.55,38.98
118,85,Figure_118,Figure_85,0.735294118,2.086095461,2584.794118,89.57,4.5,192.37,0.0978,0.26,28082.16,22326.43,12921.08,6663.37,3345.65,529.14,180.7,49.88
118,90,Figure_118,Figure_90,0.823529412,2.278527525,2698.323529,78.26,4.36,163.58,0.0704,0.21,25796.97,18641.66,10520.94,5450.96,2703.23,483.82,175.05,45.16
23,100,Figure_23,Figure_100,0.96875,2.634649089,1890.4375,113.33,4.73,207.65,0.1137,0.34,30040.62,21997.62,12869.61,6703.79,3315.38,513.34,167.86,45.6
23,103,Figure_23,Figure_103,0.833333333,2.30097589,2670.055556,111.75,4.72,187.07,0.0795,0.18,29765.89,20926.42,11074.08,5741.65,2797.7,489.67,165.09,41.86
23,106,Figure_23,Figure_106,0.638888889,1.894374849,2158.916667,76.29,4.33,182.48,0.075,0.12,29491.15,20772.32,11543.37,6118.67,3067.81,463.23,148.43,40.31
23,107,Figure_23,Figure_107,0.75,2.117000017,3191.875,88.07,4.48,184.44,0.0734,0.13,29710.81,20243.84,10747.18,5689.89,2740.99,429.71,140.45,38.45
23,108,Figure_23,Figure_108,0.861111111,2.365787887,2095.611111,126.6,4.84,236.04,0.1561,0.5,30289.55,23208.86,13696.9,7044.64,3480.14,610.81,206.19,52.5
23,116,Figure_23,Figure_116,0.942857143,2.56730611,1934.971429,125.23,4.83,228.98,0.1272,0.9,29260.95,22957.86,14185.68,7319.28,3741.09,561.63,181.19,46.21
23,39,Figure_23,Figure_39,0.888888889,2.432425455,1458.694444,128.14,4.85,185.79,0.0791,0.2,30185.68,21170.99,11167.42,5849.73,2855.3,459.16,146.64,37.55
23,43,Figure_23,Figure_43,0.735294118,2.086095461,1977.176471,143.48,4.97,219.68,0.1234,0.45,30516.07,23097.79,13623.76,7038,3529.1,554.25,190.36,44.83
23,44,Figure_23,Figure_44,0.914285714,2.494992477,2182.771429,143.88,4.97,217.23,0.1453,0.56,29407.58,22291.66,13201.07,6820.53,3439.33,547.01,177.54,44.33
23,48,Figure_23,Figure_48,0.875,2.398875294,2535.375,138.29,4.93,201.34,0.1125,0.34,30664.95,22937.73,13091.53,6810.76,3262.38,560.83,216.77,49.52
23,76,Figure_23,Figure_76,0.882352941,2.41657909,2021.205882,115.57,4.75,234.26,0.1485,0.51,32592.39,25267.73,14723.05,7470.43,3624.73,584.81,180.59,47.93
23,83,Figure_23,Figure_83,0.885714286,2.424715714,1966.514286,131.13,4.88,210.86,0.1296,0.39,29657.19,22843.56,13550.02,7077.81,3544.05,570.92,189.07,46.14
234,100,Figure_234,Figure_100,0.891891892,2.439741014,2349.027027,89.02,4.49,218.73,0.0911,0.38,30144.07,23638.83,13592.82,7002.77,3417.18,522.25,178.11,44.28
234,103,Figure_234,Figure_103,0.878787879,2.407979175,2516.121212,87.28,4.47,239.27,0.1145,0.43,30139.8,24369.6,14959.11,7615.25,3733.53,564.6,174.87,43.18
234,106,Figure_234,Figure_106,0.885714286,2.424715714,2495.171429,78.62,4.36,225.44,0.1123,0.56,30145.85,23978.27,13981.72,7242.22,3629.21,607.59,197.06,48.62
234,107,Figure_234,Figure_107,0.852941176,2.346538295,1939.117647,83.18,4.42,248.33,0.1271,0.7,30725.86,25137.49,15148.79,7618.17,3716.1,572,184.42,43.64
234,108,Figure_234,Figure_108,0.736842105,2.08932721,2635.894737,83.61,4.43,234.49,0.1413,0.26,30592.71,24965.78,14860.37,7655.82,3733.72,569.61,185.81,49.11
234,116,Figure_234,Figure_116,0.96969697,2.637145204,2021.484848,89.35,4.49,194.76,0.0957,0.16,27079.22,20308.86,12454.65,6459.97,3322.31,544.88,182.38,43.75
234,117,Figure_234,Figure_117,0.935483871,2.548446279,2425.258065,94,4.54,227,0.1391,0.24,30689.98,24409.18,14758.82,7553.59,3739.82,558.19,181.21,42.08
234,23,Figure_234,Figure_23,0.848484848,2.336104616,2333.212121,111.95,4.72,250.68,0.1544,0.74,33963.14,26434.57,15606.47,7918.75,3836.97,620.07,204.04,47.47
234,266,Figure_234,Figure_266,0.852941176,2.346538295,2469.941176,98.13,4.59,257.43,0.1127,0.32,32236.25,27259.18,16047.47,8117.13,3969.25,591.41,179.67,40.53
234,31,Figure_234,Figure_31,0.6875,1.98873747,2751.09375,90.62,4.51,218.98,0.0953,0.19,29683.66,22796.07,13733.87,6955.97,3482.09,525.09,172.92,37.86
234,32,Figure_234,Figure_32,0.741935484,2.099996092,2316.709677,108.64,4.69,202.26,0.093,0.17,29033.77,21843.9,13171.52,6840.38,3426.85,525.9,186.85,40.77
234,36,Figure_234,Figure_36,0.828571429,2.290044911,2284.914286,118.72,4.78,233.46,0.1458,0.36,31896.7,25734.92,15104.52,7777.74,3821.42,579.49,185.27,44.98
234,39,Figure_234,Figure_39,0.947368421,2.578914106,2671.184211,83.11,4.42,257.13,0.1341,0.48,31227.39,25664.43,16048.42,8090.54,4029.37,602.61,190.24,43.38
234,43,Figure_234,Figure_43,0.911764706,2.488710503,2460.058824,92.22,4.52,220.46,0.1228,0.22,29199.93,23440.67,14442.82,7446.17,3649.66,503.83,159.23,39.98
234,44,Figure_234,Figure_44,0.861111111,2.365787887,2030.111111,126.45,4.84,217.74,0.1293,0.21,29559.43,24052.61,14030.4,7170.34,3537.53,547.62,176.85,41.55
234,48,Figure_234,Figure_48,0.787878788,2.198727509,2446.515152,101.91,4.62,210.94,0.0789,0.21,30133.01,22881.33,13139.26,6682.49,3211.89,512.9,183.87,44.48
234,56,Figure_234,Figure_56,0.8125,2.253534787,1910.03125,75.1,4.32,218.32,0.0942,0.21,29454.54,23661.19,13834.78,7167.77,3513.48,568.37,183.67,44.37
234,61,Figure_234,Figure_61,0.8125,2.253534787,2292.8125,100.16,4.61,231.97,0.1321,0.16,31686.8,25348.11,15085.49,7767.8,3719.32,522.51,171.7,38.75
234,71,Figure_234,Figure_71,0.852941176,2.346538295,1836.558824,81.03,4.39,213.82,0.0874,0.16,30620.87,23888.37,13912.4,7149.27,3458.83,495.54,168.83,41.67
234,76,Figure_234,Figure_76,0.709677419,2.033335238,2380.419355,107.06,4.67,224.74,0.1288,0.2,31661.13,24887.61,14388.85,7444.68,3548.31,508.87,167.31,40.99
234,83,Figure_234,Figure_83,0.875,2.398875294,2658.59375,83.88,4.43,220.99,0.1041,0.19,29782.73,24397.71,14010.15,7243.84,3553.65,521.86,169.74,40.96
234,85,Figure_234,Figure_85,0.810810811,2.249731354,2442.189189,80.22,4.38,194.75,0.0901,0.14,28749.17,20933.31,12464.32,6399.53,3156.54,473.83,160.91,38.2
234,90,Figure_234,Figure_90,0.875,2.398875294,2129.5625,101.55,4.62,199.3,0.0821,0.18,29152.82,22635.53,12816.58,6715.34,3304.92,506.62,167,39.6
266,100,Figure_266,Figure_100,0.965517241,2.626145655,2287.482759,104.95,4.65,203.32,0.0718,0.31,27549.05,21750.98,13067.46,6868.86,3412.16,495.4,159.96,42.04
266,103,Figure_266,Figure_103,0.896551724,2.451136327,2437.862069,64.18,4.16,184.4,0.0623,0.1,27400.47,20977.59,11531.05,5931.52,2869.15,416.7,133.43,35.59
266,106,Figure_266,Figure_106,0.909090909,2.482065084,1556.939394,105.72,4.66,186.6,0.0721,0.21,27303.15,21245.67,12222.64,6450.93,3234.52,534.56,168.49,46.65
266,107,Figure_266,Figure_107,0.870967742,2.389221885,2108.612903,83.74,4.43,189.41,0.0782,0.24,27667.26,21518.26,12157.22,6278.28,3065.04,460.15,142.92,38.46
266,108,Figure_266,Figure_108,0.909090909,2.482065084,2416.69697,103.29,4.64,225.55,0.1182,0.16,27826.64,22786.28,13908.01,7182.72,3539.18,530.91,172.72,43.74
266,116,Figure_266,Figure_116,0.941176471,2.562994935,1986.647059,81.04,4.39,233.82,0.0904,0.42,27061.5,23528.08,14792.35,7592,3905.47,589.88,178.14,44.91
266,23,Figure_266,Figure_23,0.918918919,2.50657911,2632.756757,121.21,4.8,204.49,0.1124,0.34,30619.8,22978.4,12731.12,6547.58,3192.54,507.1,163.59,43.68
266,32,Figure_266,Figure_32,0.882352941,2.41657909,2246.558824,79.89,4.38,251.43,0.1126,0.41,28554.62,24848.38,16051.17,8190.09,4214.96,667.36,221.64,42.55
266,39,Figure_266,Figure_39,0.8125,2.253534787,2695.5,84.38,4.44,189.28,0.0796,0.09,27168.24,21018.35,11654.7,5946.4,2914.99,394.1,128.46,35.32
266,43,Figure_266,Figure_43,0.909090909,2.482065084,2598.454545,89.72,4.5,222.53,0.0923,0.14,27699.74,23693.02,14300.82,7349.54,3604.02,533.89,169.09,42.73
266,44,Figure_266,Figure_44,0.875,2.398875294,2727.71875,86.97,4.47,217.12,0.1018,0.15,27033.81,22813.57,13771.05,7048.62,3458.94,490.68,154.42,40.8
266,48,Figure_266,Figure_48,0.833333333,2.30097589,2934.083333,85.12,4.44,200.3,0.0724,0.15,27811.83,22343.5,13255.18,6962.11,3472.51,564.64,197.9,42.36
266,56,Figure_266,Figure_56,0.971428571,2.641715643,2707.114286,95.3,4.56,209.89,0.0802,0.17,26405.36,21407.13,13193.61,6834.81,3462.8,515.34,160.82,44.34
266,76,Figure_266,Figure_76,0.9375,2.553589458,2544.15625,85.78,4.45,227.21,0.1233,0.26,30957.76,25943.1,15034.92,7626.98,3635.19,540.36,160.5,43.66
266,83,Figure_266,Figure_83,0.90625,2.47502377,2262.96875,83.27,4.42,204.78,0.0729,0.06,26252.02,21299.7,13425.94,7088.11,3484.01,525.89,161.1,40.8
266,90,Figure_266,Figure_90,0.941176471,2.562994935,2689.382353,87.24,4.47,213.97,0.0716,0.19,27779.62,23370.57,13934.06,7257.21,3665.81,534.63,159.02,39.89
31,100,Figure_31,Figure_100,0.870967742,2.389221885,2041.967742,104.38,4.65,185.31,0.0653,0.23,26305.61,20047.15,11526.61,6180.68,3065.32,430.7,160.1,38.85
31,103,Figure_31,Figure_103,0.611111111,1.842477459,2237.722222,113.07,4.73,192.48,0.0714,0.15,26082.1,20242.86,11711.05,6012.61,2882.95,479.5,164.4,38.65
31,106,Figure_31,Figure_106,0.848484848,2.336104616,1966.757576,111.26,4.71,177.51,0.075,0.24,25163.24,18759.97,10920.18,5903.04,2980.72,443.78,158.13,38.55
31,107,Figure_31,Figure_107,0.9,2.459603111,2333.033333,112.72,4.72,180.28,0.0725,0.32,26122.47,19832.48,11435.26,5917.48,2831.11,434.24,160.75,36.06
31,108,Figure_31,Figure_108,0.5,1.648721271,2381.176471,72.75,4.29,228.64,0.1258,0.17,26791.76,22482.11,13962.54,7279.84,3613.5,585.49,193.64,49.48
31,116,Figure_31,Figure_116,0.805555556,2.237939454,3004.75,93.2,4.53,177.57,0.058,0.24,25545.2,20565.88,11813.37,6289.88,3203.42,434.48,154.08,36.21
31,23,Figure_31,Figure_23,0.882352941,2.41657909,2392.705882,144.59,4.97,202.05,0.1038,0.36,29978.12,22370.38,12636.91,6508.29,3158.41,470.38,166.02,38.91
31,266,Figure_31,Figure_266,0.888888889,2.432425455,2237.416667,116.35,4.76,196.92,0.0807,0.11,27646.06,21607.3,12271.69,6374.99,3189.84,485.35,158.7,36.76
31,32,Figure_31,Figure_32,0.777777778,2.176629932,2669.472222,104.19,4.65,209.26,0.0783,0.25,27045.88,22527.46,13825,7307.33,3703.86,499.01,162.1,32.34
31,39,Figure_31,Figure_39,0.78125,2.184200811,2601.25,98.29,4.59,195.63,0.0809,0.17,26635.82,20719.43,12446.91,6427.73,3122.4,467.09,168.5,35.75
31,43,Figure_31,Figure_43,0.558823529,1.748614096,3027.911765,96.31,4.57,206.09,0.0827,0.09,26677.7,22281.71,13281.22,6951.72,3383.22,451.77,139.08,32.83
31,44,Figure_31,Figure_44,0.612903226,1.845782351,2635.290323,119.48,4.78,209.24,0.0982,0.15,26329.42,22266.04,13018.6,6753.29,3255.92,502.61,179.49,40.9
31,48,Figure_31,Figure_48,0.666666667,1.947734042,3281.583333,88.38,4.48,163.49,0.0487,0.06,26760.98,20165.47,10822.68,5735.16,2757.15,415.01,146.29,35.64
31,56,Figure_31,Figure_56,0.823529412,2.278527525,1915,80.3,4.39,200.96,0.0722,0.19,25701.81,21258.93,12527.91,6566.87,3172.3,469.29,167.57,39.84
31,76,Figure_31,Figure_76,0.727272727,2.069429007,2244.454545,123.18,4.81,215.95,0.1172,0.16,28616.39,22873.41,13369.33,6957.58,3403.76,533.09,187.46,44.33
31,83,Figure_31,Figure_83,0.702702703,2.019202644,2207.486486,74.81,4.31,201.24,0.0921,0.1,25386.36,21349.23,13115.42,6922,3427.8,518.71,177.11,40.56
31,90,Figure_31,Figure_90,0.621621622,1.861944966,2871.351351,100.93,4.61,183.37,0.0651,0.13,26794.42,22212.07,12377.96,6514.36,3251.36,396.74,130.47,30.02
32,100,Figure_32,Figure_100,0.864864865,2.374685161,2719.432432,118.55,4.78,201.21,0.068,0.53,25809.56,20230.04,11965.36,6189.48,3010.81,496.96,204.76,42.93
32,103,Figure_32,Figure_103,0.533333333,1.704604865,2176.766667,64.15,4.16,208.19,0.0938,0.62,26499.97,21823.12,14236.98,7384.09,3784.72,620.75,212.35,43.6
32,106,Figure_32,Figure_106,0.882352941,2.41657909,1843.823529,118.13,4.77,209.19,0.0883,0.78,26466.1,21830.05,13229.37,6994.79,3494.32,608.63,233.25,49.28
32,107,Figure_32,Figure_107,0.793103448,2.210245174,2036.758621,91.1,4.51,218.3,0.1019,0.93,26837.24,22165.95,14221.41,7397.26,3726.17,617.59,233.5,44.34
32,108,Figure_32,Figure_108,0.805555556,2.237939454,2180.055556,107.94,4.68,199.16,0.0894,0.25,26401.95,21409.53,12514.38,6592.02,3334.05,597.51,207.19,50.09
32,116,Figure_32,Figure_116,0.588235294,1.800807714,2776.588235,60.93,4.11,159.79,0.0363,0,23273.27,16788.99,9652.94,5119.54,2549.78,443.21,182.65,38.29
32,23,Figure_32,Figure_23,0.90625,2.47502377,2029.3125,149.99,5.01,236.56,0.1555,1,31136.94,24919.88,15685.88,8047.29,4080.13,672.95,245.04,50.19
32,39,Figure_32,Figure_39,0.35483871,1.425950644,1976.645161,59.46,4.09,218.12,0.098,0.63,27010.57,22365.88,14948.11,7665.91,4039.5,648.89,236.6,44.03
32,43,Figure_32,Figure_43,0.705882353,2.02563322,2395.852941,114.57,4.74,174.05,0.072,0.2,25439.32,19369.12,11529.97,6060.01,3002.08,445.42,153.82,33.11
32,44,Figure_32,Figure_44,0.676470588,1.966923384,2775.294118,141.92,4.96,197.89,0.0867,0.17,25851.06,21236.92,12433.6,6521.13,3271.64,583.41,225.21,46.57
32,48,Figure_32,Figure_48,0.75,2.117000017,2123.861111,117.55,4.77,182.42,0.0701,0.31,26632.18,20731.16,12582.25,6516.21,3228.29,465.1,147.93,34.85
32,56,Figure_32,Figure_56,0.848484848,2.336104616,2453.727273,112.14,4.72,182.68,0.0552,0.25,25601.35,20043.25,12070.02,6411.86,3262.74,567.3,220.29,48.2
32,76,Figure_32,Figure_76,0.911764706,2.488710503,2363.235294,111.94,4.72,194.99,0.0878,0.27,27940.07,21390.5,13137.95,6973.32,3489.03,580.72,229.59,50.02
32,83,Figure_32,Figure_83,0.774193548,2.168842354,2114.16129,91.09,4.51,189.53,0.0668,0.23,25365.69,20542.66,12034.53,6307.05,3109.36,564.94,209.79,44.01
36,100,Figure_36,Figure_100,0.838709677,2.313380043,2617.483871,139.03,4.93,202.66,0.1009,0.29,28230.57,21965.76,12558.61,6540.73,3229.79,546.25,182.31,48.23
36,103,Figure_36,Figure_103,0.84375,2.32506966,1962.4375,148.49,5,203.77,0.0931,0.14,27885.88,21588.8,12360.39,6542.14,3152.62,461.71,150.81,43.3
36,106,Figure_36,Figure_106,0.857142857,2.356418442,2030.257143,140.81,4.95,215.91,0.1094,0.27,27652.23,21904.82,12893.97,6802.68,3454.99,617.8,197.62,52.55
36,107,Figure_36,Figure_107,0.885714286,2.424715714,2120.114286,140.45,4.94,224.04,0.1075,0.28,28191.8,21928.84,13051.18,6828.69,3346.18,558.05,181.93,48.74
36,108,Figure_36,Figure_108,0.939393939,2.558430383,2679.636364,132.4,4.89,186.81,0.0736,0.14,27414.67,20514.4,11107.54,5835.21,2878.65,445.33,148.29,44.49
36,116,Figure_36,Figure_116,0.90625,2.47502377,2032.1875,150.94,5.02,189.18,0.0866,0.44,26301.47,20445.67,11963.97,6306.17,3336.14,592.76,189.39,49.43
36,117,Figure_36,Figure_117,0.8125,2.253534787,2208.09375,165.98,5.11,225.47,0.1622,0.29,28659.88,23519.34,14471.71,7588.47,3785.71,629.3,205,53.05
36,23,Figure_36,Figure_23,0.970588235,2.639496647,2418.029412,115.42,4.75,236.46,0.1458,0.34,31597.01,23895.32,13927.64,7252,3542.6,611.58,196.99,49.43
36,266,Figure_36,Figure_266,0.857142857,2.356418442,2949,181.3,5.2,222.74,0.1121,0.15,29586.03,24287.78,14435.78,7544.69,3652.53,552.4,176.17,45.21
36,31,Figure_36,Figure_31,0.78125,2.184200811,2024.59375,175.01,5.16,220.45,0.1269,0.2,28837.03,24158.65,14267.17,7465.37,3675.41,615.58,204.4,50.23
36,32,Figure_36,Figure_32,0.911764706,2.488710503,2053.970588,199.48,5.3,211.01,0.1195,0.49,27893.15,23155.15,14167.5,7391.49,3821.27,672.88,235.96,54.27
36,39,Figure_36,Figure_39,0.848484848,2.336104616,2654.484848,172.56,5.15,216.55,0.0974,0.14,28734.03,22736.49,13458.68,6983.34,3415.75,510.87,166.3,42.89
36,43,Figure_36,Figure_43,0.702702703,2.019202644,2684.972973,162.23,5.09,185.93,0.0701,0.11,27370.98,20804.36,11781.33,6198.28,3069.52,482.09,162.02,47.92
36,44,Figure_36,Figure_44,0.828571429,2.290044911,2068.971429,163.26,5.1,173.73,0.0653,0.17,26886.71,19249.35,10732.86,5651.61,2814.99,444.4,140.79,38.81
36,48,Figure_36,Figure_48,0.891891892,2.439741014,1905.675676,155.5,5.05,205.59,0.1175,0.18,28731.74,22363.21,13128.03,6949.41,3393.2,627.16,226.67,59.18
36,56,Figure_36,Figure_56,0.75,2.117000017,2746.777778,165.39,5.11,178.74,0.0653,0.16,26991.76,20000,11065.82,5852.14,2914.47,494.57,154.07,42.13
36,61,Figure_36,Figure_61,0.857142857,2.356418442,2378,197.51,5.29,224.83,0.1383,0.26,30600.41,24319.1,13903.28,7056.38,3481.88,606.1,205.52,49.11
36,76,Figure_36,Figure_76,0.787878788,2.198727509,2983.939394,167.11,5.12,211.3,0.1061,0.28,30083.66,23809.32,13605.46,7046.74,3468,527.59,162.18,41.53
36,83,Figure_36,Figure_83,0.84375,2.32506966,1781.96875,174,5.16,180.69,0.0566,0.08,26164.9,19456.13,11020.84,5855.35,3005.25,458.22,142.35,39.97
36,85,Figure_36,Figure_85,0.90625,2.47502377,3338.125,163.08,5.09,206.94,0.0968,0.38,28830.77,22955.1,13174.38,6900.06,3491.76,589.5,188.55,46.33
36,90,Figure_36,Figure_90,0.857142857,2.356418442,2797.828571,152.32,5.03,186.28,0.0986,0.21,26707.86,20588.29,12062.37,6375.58,3247.21,549.84,173.56,45.85
39,100,Figure_39,Figure_100,0.878787879,2.407979175,2287.575758,114.74,4.74,189.12,0.0815,0.26,26852.56,20659.48,12426.72,6440.04,3215.31,470.6,156.98,40.21
39,103,Figure_39,Figure_103,0.529411765,1.697933231,2118.264706,62.53,4.14,166.25,0.05,0.03,25697.12,18385.4,10060.39,5127.78,2437.04,332.02,117.58,27.11
39,116,Figure_39,Figure_116,0.705882353,2.02563322,2134.117647,71.72,4.27,217.44,0.0678,0.58,25316.72,20894.62,13552.09,6980.75,3631.99,540.3,172.55,42.72
39,44,Figure_39,Figure_44,0.8125,2.253534787,2657.375,122.22,4.81,195.62,0.0797,0.26,26452.13,21108.21,12483.46,6417.46,3207.73,438.38,143.59,36.46
43,100,Figure_43,Figure_100,0.764705882,2.14836241,1999.147059,96.85,4.57,180.98,0.074,0.3,25514.61,19240.1,10624.17,5460.98,2587.18,422.89,161.96,42.39
43,103,Figure_43,Figure_103,0.571428571,1.770794952,1776.821429,91.72,4.52,193.68,0.0589,0.19,26641.06,20740.31,11804.42,6175.65,2991.28,435.49,142.45,35.24
43,116,Figure_43,Figure_116,0.823529412,2.278527525,2691.058824,100.98,4.61,160.12,0.0409,0.19,22745.93,17187.66,10433.11,5594.26,2777.94,429.05,153.58,39.11
43,39,Figure_43,Figure_39,0.71875,2.051866773,2582.53125,88.61,4.48,209.18,0.0693,0.19,27184.73,22014.99,13133.53,6715.19,3349.49,478.92,164.67,36.47
43,44,Figure_43,Figure_44,0.676470588,1.966923384,2547.823529,106.25,4.67,144.86,0.0277,0.03,24511.41,17517.47,9063.41,4794.54,2337.5,412,152.67,38.69
43,76,Figure_43,Figure_76,0.8,2.225540928,3108.628571,112.12,4.72,184.16,0.0769,0.17,28669.35,22353.69,12525.89,6551.17,3267.48,494.63,174.34,47.84
44,103,Figure_44,Figure_103,0.710526316,2.035062063,3317.052632,110.62,4.71,184.06,0.0758,0.26,25339.11,19571.96,11426.04,5940.58,2876.3,421.19,138.79,36.41
44,116,Figure_44,Figure_116,0.666666667,1.947734042,3217.424242,118.41,4.77,163.13,0.0383,0.14,23720.22,18724.36,10116.09,5369.69,2669.76,435.25,150.33,35.46
48,100,Figure_48,Figure_100,0.65625,1.92755045,2859.40625,66.11,4.19,184.43,0.0596,0.15,25615.68,19482.41,11397.58,5997.23,2850.38,473.59,193.51,44.83
48,103,Figure_48,Figure_103,0.805555556,2.237939454,2597.777778,86.25,4.46,182.97,0.0727,0.13,26128.94,19954.54,11758.73,6154.66,2941.48,517.16,185.09,39.57
48,116,Figure_48,Figure_116,0.771428571,2.162853838,2999.028571,92.26,4.52,170.81,0.0583,0.26,23367.05,18050.77,11041.56,5849.38,2902.84,488.78,194.12,46.88
48,39,Figure_48,Figure_39,0.764705882,2.14836241,2652.764706,101.18,4.62,190.84,0.0907,0.18,27134.57,21184.38,13068.74,6759.16,3326.87,555.87,210.87,42.66
48,43,Figure_48,Figure_43,0.735294118,2.086095461,2365.470588,86.72,4.46,198.42,0.0856,0.14,26776.8,21877.26,13424.74,7052.55,3330.23,470.38,153.67,36.89
48,44,Figure_48,Figure_44,0.757575758,2.1330988,2631.424242,70.79,4.26,190.62,0.0968,0.17,25912.22,20861.78,12070.14,6351.94,3057.91,554.58,214.16,49.56
48,76,Figure_48,Figure_76,0.852941176,2.346538295,2334.647059,82.66,4.41,204.54,0.0951,0.14,28958.86,23121.83,13162.27,6841.34,3298.67,562.92,221.84,54.97
56,100,Figure_56,Figure_100,0.580645161,1.787191085,2523.806452,106.71,4.67,174.16,0.0584,0.2,24737.69,18334.21,9984.56,5194.29,2483.45,393.92,142.26,38.93
56,103,Figure_56,Figure_103,0.871794872,2.3911989,2625.384615,88.27,4.48,163.62,0.0523,0.22,24567.02,17791.76,10253.17,5370.49,2697.43,437.32,147.55,38.73
56,106,Figure_56,Figure_106,0.694444444,2.002596211,2937.861111,110.73,4.71,189.79,0.0686,0.36,25209.54,19657.99,10948.26,5704.97,2846.91,437.76,149.97,36.74
56,107,Figure_56,Figure_107,0.911764706,2.488710503,1780.323529,114.32,4.74,185.77,0.0662,0.46,24972.02,18266.73,10658.96,5627.76,2819.17,445.75,152.64,37.87
56,108,Figure_56,Figure_108,0.769230769,2.158105533,3422,73.72,4.3,171.21,0.0534,0.11,23837.55,17311.16,9956.99,5299.45,2627.04,464.98,158.93,43.41
56,116,Figure_56,Figure_116,0.818181818,2.266375406,2191.575758,91.33,4.51,163.02,0.031,0.17,22921.37,17537.51,9961.25,5353.78,2643.28,392.93,139.24,36.12
56,23,Figure_56,Figure_23,0.935483871,2.548446279,1765.064516,136.01,4.91,205.57,0.1133,0.49,28730.81,21154.07,12385.69,6449.68,3282.93,512.73,166.25,41.14
56,39,Figure_56,Figure_39,0.875,2.398875294,2703.78125,103.12,4.64,184.93,0.0611,0.24,25397.81,19284.58,11460.72,5837.19,2977.61,438.66,146.06,37.44
56,43,Figure_56,Figure_43,0.685714286,1.985189322,2962.742857,113.45,4.73,153.26,0.0282,0.09,24887.62,18265.69,9867.77,5274.25,2579.05,408.81,150.83,39.58
56,44,Figure_56,Figure_44,0.777777778,2.176629932,2794.527778,143.2,4.96,136.03,0.0332,0.06,22691.93,15508.77,8204.94,4383.37,2165.99,340.68,117.22,29.97
56,48,Figure_56,Figure_48,0.6,1.8221188,2597.485714,101.72,4.62,175.63,0.0648,0.13,25496.77,20192.23,11297.62,6006.46,2865.23,537.81,209.19,51.39
56,76,Figure_56,Figure_76,0.888888889,2.432425455,2283.638889,114.9,4.74,194.04,0.0684,0.17,28516.09,22987.98,12926.89,6762.24,3350.39,511.99,156.73,41.06
56,83,Figure_56,Figure_83,0.638888889,1.894374849,2511.861111,80.2,4.38,153.46,0.0338,0.02,23460.48,17232.02,9530.54,5078.61,2494.09,382.12,127.83,32.53
60,100,Figure_60,Figure_100,0.9,2.459603111,2623.8,86.6,4.46,216.5,0.1062,0.25,29004.1,23202.07,13648.24,7098.01,3491.57,492.6,187,47.87
60,101,Figure_60,Figure_101,0.885714286,2.424715714,2089.914286,71.72,4.27,230.73,0.1401,0.15,29671.09,23938.16,13859.18,7232.7,3710.87,549.68,178.94,45.6
60,103,Figure_60,Figure_103,0.888888889,2.432425455,3097.277778,70.15,4.25,217.53,0.1391,0.36,28691.71,23704.06,14740.12,7615.34,3816.49,562.32,183.64,44.78
60,104,Figure_60,Figure_104,0.647058824,1.909915163,2902.794118,83.33,4.42,206.57,0.1205,0.13,30377.45,23750.8,14115.28,7289.88,3554.33,477.27,159.82,43.55
60,106,Figure_60,Figure_106,0.848484848,2.336104616,1519.575758,94.53,4.55,226.63,0.1284,0.47,28898.2,23785.7,14278.89,7425.34,3769.26,583.91,203.48,50.88
60,107,Figure_60,Figure_107,0.806451613,2.239945674,2475.064516,80.01,4.38,227.39,0.1304,0.6,29805.48,24119.03,14426.27,7440.34,3766.11,560.59,200.31,46.83
60,108,Figure_60,Figure_108,0.727272727,2.069429007,2746.484848,67.93,4.22,185.18,0.083,0.15,27509.25,20384.81,12045.93,6351.07,3164.22,537.29,183.09,51.78
60,116,Figure_60,Figure_116,0.783783784,2.189742121,3058.405405,72.69,4.29,193.64,0.0898,0.11,27223.77,21787.48,13060.29,6904.72,3626.61,519.97,181.44,44.64
60,117,Figure_60,Figure_117,0.78125,2.184200811,2895.71875,55.39,4.01,227.47,0.1399,0.19,29568.37,23855.06,14744.2,7764.88,3941.39,510.76,168.33,42.18
60,23,Figure_60,Figure_23,0.882352941,2.41657909,1916.558824,129.25,4.86,239.39,0.1819,0.63,32808.25,25894.92,15346.58,7834.35,3887.45,586.05,208.9,49.22
60,234,Figure_60,Figure_234,0.742857143,2.101932465,2377.428571,99.14,4.6,236.5,0.1482,0.15,32443.4,26073.43,15289.35,7990.35,3904.01,541.74,177.55,41.55
60,266,Figure_60,Figure_266,0.967741935,2.631994529,2480.258065,72.61,4.29,248.9,0.1568,0.23,30993.2,26749.53,16415.29,8367.11,4171.4,562.75,186.58,45.86
60,31,Figure_60,Figure_31,0.757575758,2.1330988,3331.848485,76.74,4.34,239.7,0.1553,0.18,29450.28,24797.49,15762.55,8174.82,4271.13,501.25,147.94,35.66
60,32,Figure_60,Figure_32,0.852941176,2.346538295,2779.5,84.63,4.44,213,0.0927,0.14,28541.12,22706.35,13761.74,7266.9,3724.84,555.07,175.45,39.97
60,36,Figure_60,Figure_36,0.764705882,2.14836241,2782,146.75,4.99,210.13,0.1204,0.28,30042.74,23336.26,13463.79,6977.25,3540.67,592.53,199.08,52.56
60,39,Figure_60,Figure_39,0.757575758,2.1330988,2407.69697,98.61,4.59,222.4,0.1337,0.37,29684.54,24460.59,15281.06,7756.49,3968.53,568.43,197.38,41.86
60,43,Figure_60,Figure_43,0.806451613,2.239945674,2049.516129,98.45,4.59,193.87,0.117,0.16,29096.3,22433.4,13564.36,7147.41,3594.98,472.87,137.85,31.17
60,44,Figure_60,Figure_44,0.794117647,2.21248794,2893.882353,97.3,4.58,198.58,0.1204,0.12,27885.91,22075.42,13701.54,7060.41,3566.13,513.34,183.76,45.46
60,48,Figure_60,Figure_48,0.666666667,1.947734042,2212.818182,73.16,4.29,214.75,0.1158,0.15,30052.64,24439.9,14296.75,7496.99,3730.93,517,161.74,41.66
60,56,Figure_60,Figure_56,0.8,2.225540928,2629.057143,83.86,4.43,194.12,0.0935,0.09,27296.23,21833.38,13385.03,6963.06,3517.22,517.28,181.7,45.92
60,61,Figure_60,Figure_61,0.75,2.117000017,2978.71875,69.8,4.25,212.41,0.0824,0.02,30306.97,23547.17,13044.93,6638.44,3250.84,506.04,161.72,40.71
60,65,Figure_60,Figure_65,0.709677419,2.033335238,2858.064516,65.81,4.19,198.1,0.1085,0.15,28247.21,22236.54,13566.41,7128.56,3486.94,487.64,154.08,35.02
60,71,Figure_60,Figure_71,0.914285714,2.494992477,2637.142857,105.68,4.66,247.77,0.1847,0.15,30074.55,25681.88,16216.19,8356.84,4208.04,493.94,146.81,33.76
60,72,Figure_60,Figure_72,0.875,2.398875294,2386.21875,79.42,4.37,252.88,0.1788,0.39,32413.36,26928.95,16101.62,8261.91,4105.23,575.17,201.44,43.7
60,76,Figure_60,Figure_76,0.852941176,2.346538295,2493.676471,73.75,4.3,223.57,0.0959,0.13,30653.08,24493.3,14488.07,7674.77,3834.94,565.32,203.81,50.13
60,83,Figure_60,Figure_83,0.823529412,2.278527525,2626.735294,64.5,4.17,182.16,0.0789,0.09,27378.3,21269.39,12795.41,6616.61,3314.75,512.68,172.72,39.93
60,85,Figure_60,Figure_85,0.838709677,2.313380043,2615.806452,79.03,4.37,209.4,0.1085,0.1,29167.08,22631.06,13957.5,7357.45,3786.75,491.51,155.92,39.59
60,90,Figure_60,Figure_90,0.916666667,2.500940014,2733,73.53,4.3,189.97,0.0823,0.08,27301.58,21223.21,12107.58,6326.32,3155.9,446.69,151.48,36.46
61,100,Figure_61,Figure_100,0.8125,2.253534787,2273.6875,105.56,4.66,211.65,0.102,0.29,28571.66,22681.18,13239.04,6784.89,3313.49,521.05,186.8,43.39
61,103,Figure_61,Figure_103,0.805555556,2.237939454,2345.111111,75.64,4.33,229.29,0.1414,0.33,28958.04,24231.62,14518.59,7224.14,3585.24,546.35,172.27,37.25
61,106,Figure_61,Figure_106,0.921052632,2.51193314,2133.631579,99.09,4.6,229.65,0.1337,0.48,28781.04,23507.28,14131.27,7254.71,3691.51,644.05,219.95,51.79
61,107,Figure_61,Figure_107,0.84375,2.32506966,1948.71875,79.7,4.38,230.04,0.1373,0.58,29326.91,23984.8,14341.66,7227.17,3598.36,598.5,205.14,43.75
61,108,Figure_61,Figure_108,0.806451613,2.239945674,2583.806452,99.49,4.6,201.95,0.0989,0.1,29199.95,21964.65,12045.39,6167.57,3035.17,512.73,171.35,42.22
61,116,Figure_61,Figure_116,0.78125,2.184200811,2689.46875,90.92,4.51,196.73,0.0849,0.08,26054.4,20561.65,12511.73,6539.31,3320.06,556.69,189.22,45.8
61,23,Figure_61,Figure_23,0.916666667,2.500940014,1545.027778,120.25,4.79,243.26,0.1823,0.64,32495.38,25437.08,15226.99,7610.02,3765.41,645.99,219.5,49.22
61,266,Figure_61,Figure_266,0.8,2.225540928,3021.228571,63.33,4.15,252.37,0.1654,0.17,30710.44,26479.43,16172.55,8075.8,4060.1,575.55,180.16,37.46
61,31,Figure_61,Figure_31,0.878787879,2.407979175,2596.727273,98.89,4.59,226.85,0.1341,0.16,29722.71,24618.99,15231.49,7737.24,3904.25,555.89,168.64,38.1
61,32,Figure_61,Figure_32,0.741935484,2.099996092,2558.354839,89.38,4.49,195.7,0.0727,0.09,27765.82,21229.41,12590.71,6502.23,3261.81,501.5,161.4,36.58
61,39,Figure_61,Figure_39,0.8,2.225540928,2513.257143,99.01,4.6,235.74,0.132,0.32,29577.62,24110.06,14876.86,7347,3679.99,564.39,190.95,37.9
61,43,Figure_61,Figure_43,0.818181818,2.266375406,2891.878788,87.06,4.47,207.64,0.1117,0.09,27831.19,22262.13,13290.34,6742.74,3338.45,501.34,157.05,39.38
61,44,Figure_61,Figure_44,0.774193548,2.168842354,1917.225806,91.53,4.52,220.08,0.1256,0.04,28873.65,24073.45,13780.62,6939.25,3414.58,545.03,192.19,43.76
61,48,Figure_61,Figure_48,0.8,2.225540928,3417.228571,89.8,4.5,217.58,0.1172,0.16,29284.62,24475.49,14229.36,7231.37,3501.16,519.6,161.72,38.1
61,56,Figure_61,Figure_56,0.848484848,2.336104616,3277.666667,100.4,4.61,207.68,0.0915,0.08,27765.75,22475.6,12793.29,6562.29,3264.83,573.02,197.44,47.39
61,76,Figure_61,Figure_76,0.848484848,2.336104616,1481.727273,80.68,4.39,216.97,0.1135,0.15,30692.21,23894.86,14424.38,7518.25,3684.15,546.63,196.39,47.07
61,83,Figure_61,Figure_83,0.828571429,2.290044911,3188.542857,77.75,4.35,208.97,0.0988,0.06,28012.77,23053.33,13205.41,6758.04,3356.32,544.99,179.02,39.88
61,90,Figure_61,Figure_90,0.787878788,2.198727509,1968.969697,90.16,4.5,197.45,0.0865,0.12,27490.86,21639.46,12616.26,6523,3227.45,523.33,171.26,40.92
65,100,Figure_65,Figure_100,0.764705882,2.14836241,2183.470588,73.12,4.29,177.62,0.0776,0.21,26019.48,18689.4,10223.41,5240.65,2484.14,419.04,160.42,40.85
65,103,Figure_65,Figure_103,0.724137931,2.062951926,2120.310345,73.51,4.3,181.2,0.0637,0.17,26194.94,20327.83,11558.49,6073.83,2926.35,454.47,153.61,36.81
65,104,Figure_65,Figure_104,0.657142857,1.929272246,2550.771429,82.67,4.41,184.14,0.0837,0.16,27522.15,20890.35,11815.63,6079.01,2897.72,447.25,159.95,44.79
65,106,Figure_65,Figure_106,0.777777778,2.176629932,2274.027778,76.11,4.33,195.03,0.0858,0.28,26625.18,21198.53,12082.4,6368.27,3139.42,500.62,173.04,39.6
65,107,Figure_65,Figure_107,0.771428571,2.162853838,2054.057143,71.07,4.26,199.25,0.0749,0.33,27657.18,21783.69,12581.67,6643.47,3218.11,498.58,175.36,38.74
65,108,Figure_65,Figure_108,0.727272727,2.069429007,1998.30303,82.75,4.42,166.16,0.0584,0.07,26704.38,19815.36,10427.85,5489.64,2649.79,490.45,167.71,46.3
65,116,Figure_65,Figure_116,0.8,2.225540928,2414.2,85.03,4.44,172.03,0.0469,0.24,24243.42,18649.54,11311.81,5954.71,2992.11,461.87,163.97,41.02
65,117,Figure_65,Figure_117,0.515151515,1.673892102,1879.242424,60.86,4.11,185.34,0.0848,0.16,27345.49,21311.33,12582.85,6708.07,3324.76,480.62,160.77,40.09
65,23,Figure_65,Figure_23,0.882352941,2.41657909,3011.058824,118.95,4.78,207.71,0.1045,0.37,30384.59,22674.06,12971.89,6784.06,3357.27,534.89,179.1,38.25
65,234,Figure_65,Figure_234,0.852941176,2.346538295,2833.823529,89.93,4.5,226.73,0.128,0.26,29751.5,23909.41,14603.27,7567.04,3684.3,535.62,173.71,40.37
65,266,Figure_65,Figure_266,0.916666667,2.500940014,2680.611111,73.2,4.29,228.2,0.107,0.16,28673.66,24223.49,14218.19,7325.52,3550.87,543.87,176.3,42.62
65,31,Figure_65,Figure_31,0.611111111,1.842477459,3075.194444,86.03,4.45,205.17,0.0878,0.12,26951.28,21801.92,13216.31,6949.91,3387.79,446.97,144.17,32.62
65,32,Figure_65,Figure_32,0.896551724,2.451136327,2075.965517,91.91,4.52,189.75,0.0759,0.3,25495.35,20237.4,12368.42,6415.75,3197.66,474.53,170.27,39.28
65,36,Figure_65,Figure_36,0.757575758,2.1330988,2114.030303,140.31,4.94,193.77,0.085,0.14,27915.41,21766.46,12123.39,6296.87,3064.7,511.43,170.89,44.61
65,39,Figure_65,Figure_39,0.828571429,2.290044911,2174.028571,85.18,4.44,192.75,0.0626,0.15,27250.11,21361.06,12445.29,6465.58,3206.1,480.18,165.44,34.13
65,43,Figure_65,Figure_43,0.454545455,1.575457104,2280.060606,82.22,4.41,134.15,0.0299,0.02,24677.15,15456.27,7690.21,3952.7,1915.46,313.22,114.17,29.29
65,44,Figure_65,Figure_44,0.64516129,1.906294471,2654.677419,76.1,4.33,155.52,0.0488,0.08,24177.82,17959.1,9762.53,5155.08,2524.71,452.62,164.27,38.84
65,48,Figure_65,Figure_48,0.64516129,1.906294471,2210.774194,65.16,4.18,200.37,0.087,0.13,27313.8,22378.73,13299.34,6962.23,3255.98,463.81,160.36,41.08
65,56,Figure_65,Figure_56,0.606060606,1.833195476,2869.454545,97.81,4.58,155.54,0.0368,0.08,25153.25,18482.43,9816.54,5186.41,2519.64,421.74,151.19,35.87
65,61,Figure_65,Figure_61,0.6875,1.98873747,2150.53125,72.68,4.29,209.37,0.102,0.12,29159.25,23231.73,13426.25,6810.75,3315.4,528.7,169.43,39.96
65,71,Figure_65,Figure_71,0.805555556,2.237939454,1831.416667,93.92,4.54,217.73,0.1299,0.2,27864.56,23881.49,14102.04,7264.14,3439.98,458.86,152.31,39.91
65,76,Figure_65,Figure_76,0.733333333,2.082009083,2261.533333,58.76,4.07,182.25,0.0802,0.18,28580.62,21419.47,12519.1,6571.11,3269.36,527.32,179.84,43.45
65,83,Figure_65,Figure_83,0.75,2.117000017,2279,66.92,4.2,165.3,0.0623,0.05,25929.5,20771.57,11512.92,6021.05,2893.7,469.4,158.32,36.87
65,85,Figure_65,Figure_85,0.787878788,2.198727509,2396.242424,83.95,4.43,190.39,0.0646,0.2,25908.28,19891.95,12029.28,6273.28,3041.35,441.5,144.2,35.52
65,90,Figure_65,Figure_90,0.703703704,2.02122488,2756.222222,65.67,4.18,195.74,0.0774,0.16,26284.42,21540.29,12513.06,6464.05,2988.31,374.49,124.5,28.87
71,100,Figure_71,Figure_100,0.891891892,2.439741014,2102.459459,88.9,4.49,192.06,0.0634,0.32,27414.18,21577.84,12122.69,6375.07,3065.08,453.82,174.82,47.43
71,103,Figure_71,Figure_103,0.78125,2.184200811,2470.34375,108,4.68,192.55,0.0835,0.22,27002.98,21512.85,12287.69,6262.91,3042.48,487.38,166.28,43.16
71,106,Figure_71,Figure_106,0.857142857,2.356418442,2050.6,84.68,4.44,187.34,0.084,0.35,26006.51,20303.99,11672.12,6092.4,3033.47,511.55,188.55,51.75
71,107,Figure_71,Figure_107,0.870967742,2.389221885,1922.645161,100.18,4.61,199.44,0.1072,0.46,27693.25,22486.33,12914.89,6577.17,3189.58,486.49,180.39,45.27
71,108,Figure_71,Figure_108,0.878787879,2.407979175,2565.818182,88.82,4.49,230.1,0.154,0.18,27503.87,23262.2,14318.03,7379.37,3599.92,582.82,196.91,54.14
71,116,Figure_71,Figure_116,0.774193548,2.168842354,2626.806452,112.24,4.72,194.75,0.0921,0.2,25040.82,20938.17,12889.71,6803.03,3394.06,490.46,174.95,46.17
71,117,Figure_71,Figure_117,0.666666667,1.947734042,2405.1,87.44,4.47,201.7,0.1222,0.09,27153.75,22560.67,13757.94,7057.73,3457.12,421.99,140.59,35.31
71,23,Figure_71,Figure_23,0.823529412,2.278527525,2510.088235,105.1,4.65,212.68,0.1323,0.52,30796.83,23898.98,13788.23,7007.32,3425.58,523.64,192.09,49.55
71,266,Figure_71,Figure_266,0.84375,2.32506966,1800.28125,105.09,4.65,191,0.0615,0.09,27619.61,21824.48,12410,6373.92,3119.32,495.76,166.34,42.04
71,31,Figure_71,Figure_31,0.666666667,1.947734042,1980.733333,82.66,4.41,179.2,0.0627,0.02,25847.03,19925.56,11200.65,5684.41,2711.13,360.61,123.52,31.86
71,32,Figure_71,Figure_32,0.764705882,2.14836241,2570.558824,104.39,4.65,219.58,0.0975,0.16,28003.57,23985.82,14390.58,7408.85,3590.34,489.68,159.73,34.94
71,36,Figure_71,Figure_36,0.75,2.117000017,2508.944444,129.32,4.86,225.76,0.1455,0.23,29170.99,24292.64,14502.36,7570.52,3708.91,611.77,210.07,57.45
71,39,Figure_71,Figure_39,0.612903226,1.845782351,2679.580645,94.07,4.54,217.16,0.1152,0.26,27974.78,23291.68,14000.64,7030.32,3491.38,501.28,178.37,42.14
71,43,Figure_71,Figure_43,0.655172414,1.925474468,1849.896552,81.63,4.4,211.47,0.1118,0.09,27042.89,23239.21,13711.87,7076.96,3362.92,445.31,138.97,34
71,44,Figure_71,Figure_44,0.875,2.398875294,2455.125,113.44,4.73,210.73,0.1244,0.12,26551.04,22754.84,13206.91,6778.81,3237.62,517.35,187.3,49.71
71,48,Figure_71,Figure_48,0.757575758,2.1330988,2485.424242,99.48,4.6,180.28,0.0587,0.1,26875.25,21258.21,12027.62,6208.11,2925.91,414.04,142.41,35.05
71,56,Figure_71,Figure_56,0.909090909,2.482065084,2147.848485,94.61,4.55,206.58,0.0977,0.19,26772.2,22487.58,12871.64,6729.2,3315.61,508.62,183.78,51.22
71,61,Figure_71,Figure_61,0.75862069,2.135328908,1671.62069,97.8,4.58,236.68,0.1759,0.11,29995.8,25307.06,15573.67,7880.62,3937.1,533.31,162.5,39.53
71,76,Figure_71,Figure_76,0.764705882,2.14836241,2138.970588,99.07,4.6,221.98,0.1264,0.16,29244.34,23685.55,13145.08,6716.92,3210.04,530.13,196.79,53.37
71,83,Figure_71,Figure_83,0.84375,2.32506966,2437.75,100.67,4.61,203.39,0.0948,0.09,26300.63,22193.8,13183.48,6841.66,3282.86,517.65,178.62,45.18
71,85,Figure_71,Figure_85,0.714285714,2.04272707,2061.171429,99.84,4.6,202.65,0.0864,0.14,27189.88,21728.28,12878.36,6728.89,3227.55,438.63,151.39,42.44
71,90,Figure_71,Figure_90,0.878787879,2.407979175,1690.575758,96.33,4.57,187.35,0.0717,0.13,27171.82,22052.07,12678.73,6659.66,3279.36,427.1,149.31,40.48
72,100,Figure_72,Figure_100,0.848484848,2.336104616,2454.969697,55.92,4.02,222.48,0.1056,0.34,29323.7,22973.72,13841.27,7157.36,3540.09,519.25,168.03,45.04
72,103,Figure_72,Figure_103,0.837837838,2.311364027,2561.594595,66.39,4.2,203.2,0.0852,0.16,28610.66,21371.85,12015,6205.86,3081.58,496.75,165.95,42.76
72,104,Figure_72,Figure_104,0.78125,2.184200811,2229.625,64.95,4.17,244.72,0.1636,0.38,30692.93,24284.18,14699.28,7518.81,3786.21,557.38,198.88,50.5
72,106,Figure_72,Figure_106,0.970588235,2.639496647,1617.323529,67.68,4.21,208.97,0.0899,0.21,29227.86,22440.72,12936.67,6695.59,3290.68,508.3,158.95,43.18
72,107,Figure_72,Figure_107,0.818181818,2.266375406,1917.060606,57.17,4.05,179.29,0.087,0.21,29062.21,19582.35,10850.83,5718.8,2877.16,453.6,142.15,39.76
72,108,Figure_72,Figure_108,0.944444444,2.571384434,2412.638889,83.24,4.42,247.47,0.1627,0.33,29573.74,23743.05,14754.13,7648.95,3819.48,621.74,206.96,52.85
72,116,Figure_72,Figure_116,0.833333333,2.30097589,2548.694444,80.25,4.39,237.7,0.1137,0.61,28173.85,23537.8,14842.66,7679.54,3948.67,588.32,186.56,45.65
72,117,Figure_72,Figure_117,0.75,2.117000017,3192,79.39,4.37,214.17,0.103,0.28,29725.88,23507.91,13419.67,6951.12,3427.84,493.06,165.35,42.01
72,23,Figure_72,Figure_23,0.878787879,2.407979175,2723.636364,96.02,4.56,201.83,0.1049,0.26,32179.8,22518.48,12125.78,6377.45,3107.94,483.37,155.3,41.18
72,234,Figure_72,Figure_234,0.794117647,2.21248794,2317.088235,101.31,4.62,260.58,0.1408,0.49,33324.87,27638.7,16598.77,8365.84,4039.29,605.27,193.44,43.11
72,266,Figure_72,Figure_266,0.833333333,2.30097589,2821.083333,85.79,4.45,207.52,0.0948,0.17,30113.34,22863.23,12651.52,6473.46,3125.99,467.6,151.3,40.01
72,31,Figure_72,Figure_31,0.805555556,2.237939454,2409.111111,106.08,4.66,219.98,0.0937,0.18,29486.44,23450.23,13424.72,6880.54,3339.64,476.31,167.96,37.15
72,32,Figure_72,Figure_32,0.852941176,2.346538295,2333.764706,90.12,4.5,251.5,0.1253,0.63,30133.73,25383.6,16204.22,8294.3,4275.58,673.02,241.62,46.28
72,36,Figure_72,Figure_36,0.967741935,2.631994529,2654.129032,134.24,4.9,244.13,0.1579,0.27,31208.74,24733.38,14851.78,7716.14,3761.09,614.32,196.87,48.49
72,39,Figure_72,Figure_39,0.857142857,2.356418442,2168.678571,93.01,4.53,212.14,0.1012,0.18,29556.89,22225.07,12373.35,6342.15,3117.45,470.32,152.59,38.9
72,43,Figure_72,Figure_43,0.911764706,2.488710503,2812.352941,93.91,4.54,237.43,0.1217,0.28,29679.01,24538.2,14788.48,7577.07,3805.3,562.15,190.3,42.89
72,44,Figure_72,Figure_44,0.7,2.013752707,2650.133333,88.69,4.49,224.83,0.1458,0.36,27935.95,22268.78,13733.24,7152.15,3630.58,552.8,175.85,43.62
72,48,Figure_72,Figure_48,0.743589744,2.103472907,2403.846154,75.39,4.32,208.29,0.0934,0.21,29558.15,22328.75,13190.61,6958.47,3444.83,582.9,221.31,48.1
72,56,Figure_72,Figure_56,1,2.718281828,2808.342105,106.07,4.66,212.56,0.1052,0.38,27578.99,20968.97,12710.09,6640.77,3449.11,541.35,174.99,43.49
72,61,Figure_72,Figure_61,0.606060606,1.833195476,3405.545455,91.42,4.52,250.82,0.1793,0.38,32408.1,27168.17,16352.86,8177.55,4074.53,620.59,209.75,44.25
72,65,Figure_72,Figure_65,0.852941176,2.346538295,2263.823529,72.18,4.28,231.38,0.1183,0.28,29760.06,24499.15,14513.37,7491.42,3674.48,559.42,189.05,40.12
72,71,Figure_72,Figure_71,0.823529412,2.278527525,1849.411765,89.97,4.5,214.57,0.1023,0.25,30041.87,24413.08,13916.16,7128.76,3476.27,505.52,183.49,43.82
72,76,Figure_72,Figure_76,0.666666667,1.947734042,2616.194444,54.43,4,240.78,0.1365,0.35,32554.51,26489.46,15471.7,7887.53,3787.06,551.07,162.67,42.98
72,83,Figure_72,Figure_83,0.84375,2.32506966,2655.5,87.22,4.47,230.18,0.1259,0.25,28599.42,22892.17,14196.25,7473.57,3739.08,589.62,191.1,45.32
72,85,Figure_72,Figure_85,0.878787879,2.407979175,2320.363636,82.03,4.41,256.12,0.1314,0.54,30143.56,25333.57,15917.16,8188.84,4108.64,589.89,196.11,42.94
72,90,Figure_72,Figure_90,0.8125,2.253534787,1761.125,66.78,4.2,219.53,0.1012,0.32,29259.66,23321.24,13888.82,7210.31,3594.78,540.09,170.89,39.16
76,100,Figure_76,Figure_100,0.911764706,2.488710503,1825.205882,67.21,4.21,202.99,0.0854,0.23,28070.23,21942.27,12581.79,6509.13,3183.8,480.69,154.92,43.27
76,103,Figure_76,Figure_103,0.848484848,2.336104616,2267.242424,76.69,4.34,216.04,0.108,0.32,28942.44,23870.68,14071.4,7141.47,3433.48,519.26,161.94,46.24
76,116,Figure_76,Figure_116,0.878787879,2.407979175,2374.545455,88.47,4.48,187.87,0.0786,0.23,27345.91,21423.13,12581.85,6639.84,3404.83,536.6,172.7,45.34
76,39,Figure_76,Figure_39,0.842105263,2.321248675,2326.973684,96.42,4.57,228.69,0.1197,0.36,29850.62,24726.65,15315.89,7745.71,3758.74,545.72,165.24,45.73
76,44,Figure_76,Figure_44,0.676470588,1.966923384,2245.676471,93.77,4.54,189.03,0.0842,0.19,28694.92,23072.79,12659.97,6517.09,3155.16,471.18,144.92,39.72
83,100,Figure_83,Figure_100,0.714285714,2.04272707,2253.214286,73.39,4.3,171.29,0.0599,0.2,25090.68,19332.83,10674.76,5616.23,2701.66,443.91,159.25,40.34
83,103,Figure_83,Figure_103,0.756756757,2.131352505,2350.837838,59.44,4.08,187.55,0.0627,0.14,24846.45,19786.06,12102.9,6412.52,3094.72,430.09,135.33,33.45
83,108,Figure_83,Figure_108,0.676470588,1.966923384,2567.852941,57.39,4.05,153.71,0.0413,0.03,23765.2,16449.6,9248.38,4909.31,2460.6,418.65,138,35.07
83,116,Figure_83,Figure_116,0.545454545,1.725392473,2565.424242,60.45,4.1,160.2,0.0392,0.18,24165.41,19235.37,10180.53,5350.75,2656.87,450.48,155.65,38.66
83,39,Figure_83,Figure_39,0.71875,2.051866773,2883.40625,71.1,4.26,193.12,0.0711,0.14,25283.01,19757.62,12598.65,6603.26,3351.91,464.01,148.94,35.05
83,43,Figure_83,Figure_43,0.575757576,1.778477348,2655.515152,80.18,4.38,171.77,0.044,0.01,24456.41,19910,11249.76,5813.6,2801.74,419.12,138.8,34
83,44,Figure_83,Figure_44,0.705882353,2.02563322,2957.647059,84.64,4.44,144.28,0.0377,0.01,22830.61,16214.13,8803.69,4548.68,2212.67,345.74,114.14,28.19
83,48,Figure_83,Figure_48,0.552631579,1.737820217,2984.473684,67.69,4.21,187.07,0.0765,0.07,25899.4,20545.17,12029.12,6459.21,3143.09,544.7,201.12,45.46
83,76,Figure_83,Figure_76,0.696969697,2.007659663,2393.848485,71.1,4.26,191.62,0.0673,0.14,28003.98,22670.25,12491.24,6530.58,3134.33,474.18,152.34,42.3
85,100,Figure_85,Figure_100,0.783783784,2.189742121,2686.108108,79.88,4.38,185.04,0.0626,0.36,26867.56,20425.09,11302.74,5910.2,2863.71,419.6,156.75,40.38
85,103,Figure_85,Figure_103,0.59375,1.810766072,2961.71875,53.81,3.99,217.1,0.0822,0.48,26401.01,21288.18,13594.93,7127.68,3541.52,551.48,175.39,45.02
85,106,Figure_85,Figure_106,0.888888889,2.432425455,2325.638889,93.83,4.54,216.27,0.0974,0.61,26928.94,21815.23,12951.27,6881.1,3416.46,520.7,181.35,44.34
85,107,Figure_85,Figure_107,0.8,2.225540928,2367.142857,76.64,4.34,222.91,0.1023,0.78,27347.07,22369.35,13821.81,7198.43,3542.34,530.27,184.91,44.51
85,108,Figure_85,Figure_108,0.735294118,2.086095461,2432.5,62.52,4.14,185.52,0.0674,0.2,26226.89,19728.26,11835.86,6243.51,3097.26,539.88,177.19,50.88
85,116,Figure_85,Figure_116,0.5,1.648721271,2898.638889,40.09,3.69,144.71,0.0304,0,22538.69,15611.73,7937.07,4298.7,2091.54,351.05,134.56,35.4
85,117,Figure_85,Figure_117,0.647058824,1.909915163,3247.470588,64.24,4.16,195.62,0.0978,0.19,27252.27,22073.47,12887.25,6861.99,3432.78,463.95,160.04,42.73
85,23,Figure_85,Figure_23,0.848484848,2.336104616,1996.575758,113.8,4.73,240.26,0.1459,0.8,31192.6,24740.92,15128.79,7767.24,3852.12,585.07,197.23,45.59
85,266,Figure_85,Figure_266,0.941176471,2.562994935,1859.676471,84.14,4.43,241.63,0.0963,0.35,28988.93,24934.52,15374.63,7884.19,3971.99,588.61,182.3,44.06
85,31,Figure_85,Figure_31,0.742857143,2.101932465,2664.285714,81.89,4.41,179.82,0.0696,0.19,26657.04,19925.07,11685.3,6149.99,3074.18,417.97,141.14,33.81
85,32,Figure_85,Figure_32,0.5,1.648721271,3224,59.05,4.08,174.33,0.0554,0.05,25985.98,19532.51,10359.79,5360.94,2607.84,392.01,145.05,36.3
85,39,Figure_85,Figure_39,0.516129032,1.67552916,2427.612903,63.09,4.14,225.92,0.0882,0.51,27566.96,22818.49,14563.58,7504.09,3820.99,566.75,186.25,41.54
85,43,Figure_85,Figure_43,0.771428571,2.162853838,3244.742857,98.35,4.59,177.04,0.0515,0.14,25505.95,18952.25,11185.23,5855.27,2799.9,422.24,136.06,37.46
85,44,Figure_85,Figure_44,0.6875,1.98873747,2743.46875,111.35,4.71,182.61,0.0509,0.12,25758.93,20100.93,11158.21,5856.08,2820.61,473.36,165.59,39.3
85,48,Figure_85,Figure_48,0.774193548,2.168842354,1944.129032,85.21,4.45,180.3,0.0666,0.22,25865.35,19683.99,11572.62,6098.99,2941.66,445,164.37,46.72
85,56,Figure_85,Figure_56,0.875,2.398875294,1947.90625,81.49,4.4,186.58,0.0504,0.15,25059.7,19772.33,11709.14,6241.56,2995.77,459.19,156.07,38.55
85,61,Figure_85,Figure_61,0.837837838,2.311364027,3139.162162,97.46,4.58,208.57,0.0993,0.07,28750,22743.77,13416.33,6886.64,3381.8,489.35,155.97,40.96
85,76,Figure_85,Figure_76,0.818181818,2.266375406,2345.181818,86.66,4.46,210.94,0.0891,0.17,29899.79,23665.82,13408.82,7012.57,3436.97,503.69,172.87,41.11
85,83,Figure_85,Figure_83,0.710526316,2.035062063,2592.526316,61.64,4.12,181.05,0.0523,0.15,26017.33,20277.99,11187.57,5837.27,2866.86,472.47,158.81,40.2
85,90,Figure_85,Figure_90,0.666666667,1.947734042,2182.606061,71.07,4.26,179.98,0.0659,0.18,26080.74,20590.15,11794.21,6224.34,2980.56,379.19,126.64,32.38
90,100,Figure_90,Figure_100,0.628571429,1.874930194,2388.657143,65.03,4.17,178.31,0.0347,0.13,25534.88,19360.43,10380.15,5457.81,2556.71,369.9,134.69,36.05
90,103,Figure_90,Figure_103,0.588235294,1.800807714,2485.823529,58.68,4.07,195.96,0.0683,0.22,25597.59,20210.07,12036.35,6284.69,3081.49,473.6,149.07,37.22
90,106,Figure_90,Figure_106,0.771428571,2.162853838,2324.057143,83.4,4.42,183.02,0.0565,0.3,25587.68,20339.08,11312.44,5965.93,2926.12,437.99,143.67,34.71
90,107,Figure_90,Figure_107,0.818181818,2.266375406,2751.787879,72.88,4.29,196.82,0.0743,0.45,25774.7,20465.58,11953.97,6167.26,3019.71,462.74,151.66,35.47
90,108,Figure_90,Figure_108,0.774193548,2.168842354,2571.677419,65.55,4.18,186.13,0.0858,0.23,25720.33,20663.86,11967.91,6295.51,3038.66,502.76,163.83,44.14
90,116,Figure_90,Figure_116,0.696969697,2.007659663,2494.818182,67.36,4.21,166.7,0.0517,0.21,22756.79,17114.49,10038.01,5268.27,2606.6,357.35,124.84,31.92
90,23,Figure_90,Figure_23,0.941176471,2.562994935,1563.558824,114.92,4.74,211.22,0.1108,0.45,29894.11,22784.38,13199.12,6849.74,3403.06,517.13,163.16,38.5
90,32,Figure_90,Figure_32,0.815789474,2.260959937,2865.473684,94.27,4.55,186.26,0.0573,0.25,24614.66,19514.75,12092.44,6324.02,3057.81,453.64,174.38,37.12
90,39,Figure_90,Figure_39,0.833333333,2.30097589,1836.361111,89.72,4.5,210.53,0.0778,0.26,26800.53,22004.23,13193.83,6753.34,3390.79,489.28,153.37,35.04
90,43,Figure_90,Figure_43,0.735294118,2.086095461,2446.470588,86.48,4.46,191.2,0.0804,0.17,24834.01,20241.7,12476.21,6508.91,3072.58,375.87,123.73,31.48
90,44,Figure_90,Figure_44,0.542857143,1.72091675,2672.714286,89.02,4.49,181.1,0.0943,0.18,25254.84,20114.27,11528.89,5934.04,2880.4,423.73,140.69,32.51
90,48,Figure_90,Figure_48,0.666666667,1.947734042,2459.181818,71.05,4.26,165.39,0.05,0.06,26321.09,19621.47,10352.98,5476.65,2620.21,435.65,168.23,41.27
90,56,Figure_90,Figure_56,0.666666667,1.947734042,2284.181818,92.34,4.53,158.68,0.0512,0.08,23866.02,17846.11,9672.32,5026.82,2398.96,358.34,120.27,29.64
90,76,Figure_90,Figure_76,0.828571429,2.290044911,3645.771429,73.4,4.3,210.55,0.0853,0.11,28422.61,22905.26,13138.69,6857.14,3381.69,508.32,160.04,40.49
90,83,Figure_90,Figure_83,0.64516129,1.906294471,2476.806452,67.7,4.22,166.8,0.0528,0.07,25244.59,19903.96,10841.75,5770.96,2779.78,419.66,135.58,32.5
